,case:concept:name,concept:team,concept:resources
0,1,e3,"['re5', 're6', 're7', 're8', 're9']"
40,2,e4,"['re7', 're10', 're11']"
80,3,e7,"['re7', 're10', 're11']"
118,4,e3,"['re5', 're6', 're7', 're8', 're9']"
158,5,e1,"['re1', 're2', 're3', 're4']"
198,6,e7,"['re7', 're10', 're11']"
238,7,e3,"['re5', 're6', 're7', 're8', 're9']"
278,8,e3,"['re5', 're6', 're7', 're8', 're9']"
316,9,e2,"['re2', 're4', 're5']"
354,10,e1,"['re1', 're2', 're3', 're4']"
394,11,e3,"['re5', 're6', 're7', 're8', 're9']"
434,12,e2,"['re2', 're4', 're5']"
472,13,e4,"['re7', 're10', 're11']"
512,14,e3,"['re5', 're6', 're7', 're8', 're9']"
552,15,e1,"['re1', 're2', 're3', 're4']"
592,16,e1,"['re1', 're2', 're3', 're4']"
630,17,e1,"['re1', 're2', 're3', 're4']"
670,18,e5,"['re12', 're13']"
710,19,e6,"['re1', 're2', 're14']"
750,20,e5,"['re12', 're13']"
788,21,e7,"['re7', 're10', 're11']"
828,22,e7,"['re7', 're10', 're11']"
868,23,e4,"['re7', 're10', 're11']"
908,24,e5,"['re12', 're13']"
948,25,e6,"['re1', 're2', 're14']"
986,26,e2,"['re2', 're4', 're5']"
1024,27,e7,"['re7', 're10', 're11']"
1064,28,e4,"['re7', 're10', 're11']"
1104,29,e6,"['re1', 're2', 're14']"
1144,30,e3,"['re5', 're6', 're7', 're8', 're9']"
1182,31,e6,"['re1', 're2', 're14']"
1222,32,e2,"['re2', 're4', 're5']"
1262,33,e7,"['re7', 're10', 're11']"
1302,34,e4,"['re7', 're10', 're11']"
1340,35,e2,"['re2', 're4', 're5']"
1378,36,e5,"['re12', 're13']"
1418,37,e7,"['re7', 're10', 're11']"
1458,38,e2,"['re2', 're4', 're5']"
1498,39,e3,"['re5', 're6', 're7', 're8', 're9']"
1538,40,e6,"['re1', 're2', 're14']"
1576,41,e6,"['re1', 're2', 're14']"
1616,42,e2,"['re2', 're4', 're5']"
1656,43,e6,"['re1', 're2', 're14']"
1696,44,e4,"['re7', 're10', 're11']"
1734,45,e6,"['re1', 're2', 're14']"
1774,46,e6,"['re1', 're2', 're14']"
1814,47,e1,"['re1', 're2', 're3', 're4']"
1854,48,e6,"['re1', 're2', 're14']"
1892,49,e7,"['re7', 're10', 're11']"
1932,50,e5,"['re12', 're13']"
1972,51,e3,"['re5', 're6', 're7', 're8', 're9']"
2012,52,e2,"['re2', 're4', 're5']"
2052,53,e2,"['re2', 're4', 're5']"
2090,54,e6,"['re1', 're2', 're14']"
2128,55,e1,"['re1', 're2', 're3', 're4']"
2168,56,e7,"['re7', 're10', 're11']"
2208,57,e7,"['re7', 're10', 're11']"
2248,58,e1,"['re1', 're2', 're3', 're4']"
2286,59,e6,"['re1', 're2', 're14']"
2326,60,e5,"['re12', 're13']"
2366,61,e6,"['re1', 're2', 're14']"
2406,62,e2,"['re2', 're4', 're5']"
2446,63,e5,"['re12', 're13']"
2484,64,e7,"['re7', 're10', 're11']"
2522,65,e2,"['re2', 're4', 're5']"
2562,66,e7,"['re7', 're10', 're11']"
2602,67,e3,"['re5', 're6', 're7', 're8', 're9']"
2642,68,e1,"['re1', 're2', 're3', 're4']"
2682,69,e6,"['re1', 're2', 're14']"
2722,70,e2,"['re2', 're4', 're5']"
2762,71,e7,"['re7', 're10', 're11']"
2802,72,e3,"['re5', 're6', 're7', 're8', 're9']"
2840,73,e6,"['re1', 're2', 're14']"
2880,74,e3,"['re5', 're6', 're7', 're8', 're9']"
2918,75,e2,"['re2', 're4', 're5']"
2958,76,e4,"['re7', 're10', 're11']"
2996,77,e5,"['re12', 're13']"
3036,78,e4,"['re7', 're10', 're11']"
3076,79,e3,"['re5', 're6', 're7', 're8', 're9']"
3116,80,e5,"['re12', 're13']"
3156,81,e2,"['re2', 're4', 're5']"
3194,82,e1,"['re1', 're2', 're3', 're4']"
3232,83,e4,"['re7', 're10', 're11']"
3272,84,e3,"['re5', 're6', 're7', 're8', 're9']"
3312,85,e7,"['re7', 're10', 're11']"
3352,86,e4,"['re7', 're10', 're11']"
3390,87,e5,"['re12', 're13']"
3430,88,e5,"['re12', 're13']"
3470,89,e5,"['re12', 're13']"
3510,90,e6,"['re1', 're2', 're14']"
3550,91,e7,"['re7', 're10', 're11']"
3588,92,e1,"['re1', 're2', 're3', 're4']"
3626,93,e4,"['re7', 're10', 're11']"
3666,94,e3,"['re5', 're6', 're7', 're8', 're9']"
3706,95,e7,"['re7', 're10', 're11']"
3746,96,e4,"['re7', 're10', 're11']"
3786,97,e2,"['re2', 're4', 're5']"
3824,98,e6,"['re1', 're2', 're14']"
3864,99,e7,"['re7', 're10', 're11']"
3904,100,e7,"['re7', 're10', 're11']"
3944,101,e4,"['re7', 're10', 're11']"
3982,102,e2,"['re2', 're4', 're5']"
4022,103,e3,"['re5', 're6', 're7', 're8', 're9']"
4062,104,e5,"['re12', 're13']"
4102,105,e2,"['re2', 're4', 're5']"
4140,106,e7,"['re7', 're10', 're11']"
4180,107,e5,"['re12', 're13']"
4220,108,e1,"['re1', 're2', 're3', 're4']"
4260,109,e2,"['re2', 're4', 're5']"
4300,110,e7,"['re7', 're10', 're11']"
4338,111,e2,"['re2', 're4', 're5']"
4376,112,e1,"['re1', 're2', 're3', 're4']"
4416,113,e7,"['re7', 're10', 're11']"
4456,114,e2,"['re2', 're4', 're5']"
4496,115,e7,"['re7', 're10', 're11']"
4534,116,e3,"['re5', 're6', 're7', 're8', 're9']"
4574,117,e4,"['re7', 're10', 're11']"
4614,118,e5,"['re12', 're13']"
4654,119,e4,"['re7', 're10', 're11']"
4694,120,e7,"['re7', 're10', 're11']"
4732,121,e6,"['re1', 're2', 're14']"
4770,122,e1,"['re1', 're2', 're3', 're4']"
4810,123,e2,"['re2', 're4', 're5']"
4850,124,e4,"['re7', 're10', 're11']"
4890,125,e6,"['re1', 're2', 're14']"
4930,126,e1,"['re1', 're2', 're3', 're4']"
4970,127,e2,"['re2', 're4', 're5']"
5010,128,e2,"['re2', 're4', 're5']"
5050,129,e6,"['re1', 're2', 're14']"
5090,130,e3,"['re5', 're6', 're7', 're8', 're9']"
5130,131,e2,"['re2', 're4', 're5']"
5168,132,e1,"['re1', 're2', 're3', 're4']"
5208,133,e7,"['re7', 're10', 're11']"
5248,134,e6,"['re1', 're2', 're14']"
5288,135,e7,"['re7', 're10', 're11']"
5328,136,e3,"['re5', 're6', 're7', 're8', 're9']"
5366,137,e3,"['re5', 're6', 're7', 're8', 're9']"
5406,138,e3,"['re5', 're6', 're7', 're8', 're9']"
5446,139,e5,"['re12', 're13']"
5484,140,e7,"['re7', 're10', 're11']"
5524,141,e1,"['re1', 're2', 're3', 're4']"
5564,142,e5,"['re12', 're13']"
5604,143,e1,"['re1', 're2', 're3', 're4']"
5642,144,e3,"['re5', 're6', 're7', 're8', 're9']"
5682,145,e1,"['re1', 're2', 're3', 're4']"
5722,146,e5,"['re12', 're13']"
5760,147,e2,"['re2', 're4', 're5']"
5800,148,e5,"['re12', 're13']"
5840,149,e2,"['re2', 're4', 're5']"
5878,150,e6,"['re1', 're2', 're14']"
5918,151,e6,"['re1', 're2', 're14']"
5958,152,e1,"['re1', 're2', 're3', 're4']"
5998,153,e7,"['re7', 're10', 're11']"
6038,154,e2,"['re2', 're4', 're5']"
6078,155,e2,"['re2', 're4', 're5']"
6118,156,e6,"['re1', 're2', 're14']"
6158,157,e7,"['re7', 're10', 're11']"
6196,158,e4,"['re7', 're10', 're11']"
6236,159,e3,"['re5', 're6', 're7', 're8', 're9']"
6276,160,e4,"['re7', 're10', 're11']"
6316,161,e2,"['re2', 're4', 're5']"
6356,162,e2,"['re2', 're4', 're5']"
6396,163,e6,"['re1', 're2', 're14']"
6434,164,e6,"['re1', 're2', 're14']"
6474,165,e1,"['re1', 're2', 're3', 're4']"
6514,166,e4,"['re7', 're10', 're11']"
6552,167,e3,"['re5', 're6', 're7', 're8', 're9']"
6592,168,e7,"['re7', 're10', 're11']"
6632,169,e6,"['re1', 're2', 're14']"
6672,170,e2,"['re2', 're4', 're5']"
6710,171,e4,"['re7', 're10', 're11']"
6750,172,e2,"['re2', 're4', 're5']"
6790,173,e4,"['re7', 're10', 're11']"
6828,174,e2,"['re2', 're4', 're5']"
6868,175,e2,"['re2', 're4', 're5']"
6908,176,e2,"['re2', 're4', 're5']"
6946,177,e3,"['re5', 're6', 're7', 're8', 're9']"
6986,178,e4,"['re7', 're10', 're11']"
7026,179,e1,"['re1', 're2', 're3', 're4']"
7064,180,e2,"['re2', 're4', 're5']"
7104,181,e4,"['re7', 're10', 're11']"
7144,182,e2,"['re2', 're4', 're5']"
7184,183,e5,"['re12', 're13']"
7222,184,e7,"['re7', 're10', 're11']"
7262,185,e2,"['re2', 're4', 're5']"
7302,186,e5,"['re12', 're13']"
7342,187,e4,"['re7', 're10', 're11']"
7380,188,e3,"['re5', 're6', 're7', 're8', 're9']"
7420,189,e7,"['re7', 're10', 're11']"
7460,190,e3,"['re5', 're6', 're7', 're8', 're9']"
7498,191,e1,"['re1', 're2', 're3', 're4']"
7538,192,e3,"['re5', 're6', 're7', 're8', 're9']"
7578,193,e2,"['re2', 're4', 're5']"
7616,194,e7,"['re7', 're10', 're11']"
7656,195,e7,"['re7', 're10', 're11']"
7696,196,e1,"['re1', 're2', 're3', 're4']"
7736,197,e1,"['re1', 're2', 're3', 're4']"
7774,198,e5,"['re12', 're13']"
7814,199,e1,"['re1', 're2', 're3', 're4']"
7854,200,e4,"['re7', 're10', 're11']"
7892,201,e6,"['re1', 're2', 're14']"
7932,202,e1,"['re1', 're2', 're3', 're4']"
7972,203,e4,"['re7', 're10', 're11']"
8010,204,e3,"['re5', 're6', 're7', 're8', 're9']"
8050,205,e7,"['re7', 're10', 're11']"
8090,206,e6,"['re1', 're2', 're14']"
8130,207,e7,"['re7', 're10', 're11']"
8170,208,e4,"['re7', 're10', 're11']"
8208,209,e7,"['re7', 're10', 're11']"
8248,210,e6,"['re1', 're2', 're14']"
8288,211,e7,"['re7', 're10', 're11']"
8328,212,e6,"['re1', 're2', 're14']"
8366,213,e4,"['re7', 're10', 're11']"
8406,214,e6,"['re1', 're2', 're14']"
8446,215,e5,"['re12', 're13']"
8486,216,e4,"['re7', 're10', 're11']"
8524,217,e5,"['re12', 're13']"
8564,218,e4,"['re7', 're10', 're11']"
8604,219,e3,"['re5', 're6', 're7', 're8', 're9']"
8642,220,e3,"['re5', 're6', 're7', 're8', 're9']"
8682,221,e2,"['re2', 're4', 're5']"
8722,222,e3,"['re5', 're6', 're7', 're8', 're9']"
8760,223,e5,"['re12', 're13']"
8800,224,e7,"['re7', 're10', 're11']"
8840,225,e2,"['re2', 're4', 're5']"
8880,226,e2,"['re2', 're4', 're5']"
8918,227,e6,"['re1', 're2', 're14']"
8958,228,e6,"['re1', 're2', 're14']"
8998,229,e4,"['re7', 're10', 're11']"
9036,230,e1,"['re1', 're2', 're3', 're4']"
9076,231,e5,"['re12', 're13']"
9116,232,e2,"['re2', 're4', 're5']"
9154,233,e3,"['re5', 're6', 're7', 're8', 're9']"
9194,234,e6,"['re1', 're2', 're14']"
9234,235,e2,"['re2', 're4', 're5']"
9274,236,e6,"['re1', 're2', 're14']"
9314,237,e6,"['re1', 're2', 're14']"
9352,238,e7,"['re7', 're10', 're11']"
9392,239,e6,"['re1', 're2', 're14']"
9432,240,e4,"['re7', 're10', 're11']"
9472,241,e7,"['re7', 're10', 're11']"
9512,242,e3,"['re5', 're6', 're7', 're8', 're9']"
9550,243,e6,"['re1', 're2', 're14']"
9590,244,e2,"['re2', 're4', 're5']"
9628,245,e6,"['re1', 're2', 're14']"
9668,246,e2,"['re2', 're4', 're5']"
9708,247,e7,"['re7', 're10', 're11']"
9746,248,e5,"['re12', 're13']"
9786,249,e4,"['re7', 're10', 're11']"
9826,250,e7,"['re7', 're10', 're11']"
9864,251,e5,"['re12', 're13']"
9904,252,e2,"['re2', 're4', 're5']"
9944,253,e7,"['re7', 're10', 're11']"
9984,254,e7,"['re7', 're10', 're11']"
10022,255,e4,"['re7', 're10', 're11']"
10062,256,e6,"['re1', 're2', 're14']"
10102,257,e3,"['re5', 're6', 're7', 're8', 're9']"
10140,258,e1,"['re1', 're2', 're3', 're4']"
10180,259,e2,"['re2', 're4', 're5']"
10220,260,e3,"['re5', 're6', 're7', 're8', 're9']"
10258,261,e3,"['re5', 're6', 're7', 're8', 're9']"
10298,262,e2,"['re2', 're4', 're5']"
10338,263,e6,"['re1', 're2', 're14']"
10378,264,e3,"['re5', 're6', 're7', 're8', 're9']"
10418,265,e6,"['re1', 're2', 're14']"
10456,266,e3,"['re5', 're6', 're7', 're8', 're9']"
10496,267,e6,"['re1', 're2', 're14']"
10536,268,e7,"['re7', 're10', 're11']"
10576,269,e7,"['re7', 're10', 're11']"
10614,270,e2,"['re2', 're4', 're5']"
10654,271,e7,"['re7', 're10', 're11']"
10694,272,e3,"['re5', 're6', 're7', 're8', 're9']"
10734,273,e4,"['re7', 're10', 're11']"
10772,274,e6,"['re1', 're2', 're14']"
10812,275,e4,"['re7', 're10', 're11']"
10852,276,e4,"['re7', 're10', 're11']"
10890,277,e6,"['re1', 're2', 're14']"
10930,278,e6,"['re1', 're2', 're14']"
10970,279,e5,"['re12', 're13']"
11008,280,e4,"['re7', 're10', 're11']"
11048,281,e3,"['re5', 're6', 're7', 're8', 're9']"
11088,282,e7,"['re7', 're10', 're11']"
11128,283,e4,"['re7', 're10', 're11']"
11166,284,e5,"['re12', 're13']"
11206,285,e6,"['re1', 're2', 're14']"
11246,286,e5,"['re12', 're13']"
11284,287,e2,"['re2', 're4', 're5']"
11324,288,e5,"['re12', 're13']"
11364,289,e2,"['re2', 're4', 're5']"
11402,290,e1,"['re1', 're2', 're3', 're4']"
11442,291,e6,"['re1', 're2', 're14']"
11482,292,e5,"['re12', 're13']"
11522,293,e4,"['re7', 're10', 're11']"
11562,294,e5,"['re12', 're13']"
11602,295,e1,"['re1', 're2', 're3', 're4']"
11642,296,e3,"['re5', 're6', 're7', 're8', 're9']"
11682,297,e7,"['re7', 're10', 're11']"
11722,298,e7,"['re7', 're10', 're11']"
11762,299,e1,"['re1', 're2', 're3', 're4']"
11802,300,e7,"['re7', 're10', 're11']"
11840,301,e4,"['re7', 're10', 're11']"
11880,302,e2,"['re2', 're4', 're5']"
11920,303,e7,"['re7', 're10', 're11']"
11960,304,e3,"['re5', 're6', 're7', 're8', 're9']"
11998,305,e5,"['re12', 're13']"
12038,306,e4,"['re7', 're10', 're11']"
12078,307,e2,"['re2', 're4', 're5']"
12116,308,e4,"['re7', 're10', 're11']"
12156,309,e2,"['re2', 're4', 're5']"
12196,310,e6,"['re1', 're2', 're14']"
12236,311,e5,"['re12', 're13']"
12274,312,e7,"['re7', 're10', 're11']"
12314,313,e7,"['re7', 're10', 're11']"
12354,314,e1,"['re1', 're2', 're3', 're4']"
12392,315,e3,"['re5', 're6', 're7', 're8', 're9']"
12432,316,e2,"['re2', 're4', 're5']"
12472,317,e7,"['re7', 're10', 're11']"
12510,318,e4,"['re7', 're10', 're11']"
12550,319,e1,"['re1', 're2', 're3', 're4']"
12590,320,e3,"['re5', 're6', 're7', 're8', 're9']"
12630,321,e2,"['re2', 're4', 're5']"
12670,322,e4,"['re7', 're10', 're11']"
12710,323,e3,"['re5', 're6', 're7', 're8', 're9']"
12750,324,e4,"['re7', 're10', 're11']"
12790,325,e6,"['re1', 're2', 're14']"
12828,326,e1,"['re1', 're2', 're3', 're4']"
12868,327,e5,"['re12', 're13']"
12908,328,e4,"['re7', 're10', 're11']"
12948,329,e1,"['re1', 're2', 're3', 're4']"
12988,330,e2,"['re2', 're4', 're5']"
13028,331,e3,"['re5', 're6', 're7', 're8', 're9']"
13066,332,e4,"['re7', 're10', 're11']"
13106,333,e2,"['re2', 're4', 're5']"
13146,334,e7,"['re7', 're10', 're11']"
13184,335,e4,"['re7', 're10', 're11']"
13224,336,e3,"['re5', 're6', 're7', 're8', 're9']"
13264,337,e3,"['re5', 're6', 're7', 're8', 're9']"
13304,338,e3,"['re5', 're6', 're7', 're8', 're9']"
13342,339,e5,"['re12', 're13']"
13382,340,e1,"['re1', 're2', 're3', 're4']"
13422,341,e2,"['re2', 're4', 're5']"
13460,342,e3,"['re5', 're6', 're7', 're8', 're9']"
13500,343,e1,"['re1', 're2', 're3', 're4']"
13540,344,e7,"['re7', 're10', 're11']"
13578,345,e7,"['re7', 're10', 're11']"
13618,346,e4,"['re7', 're10', 're11']"
13658,347,e4,"['re7', 're10', 're11']"
13696,348,e4,"['re7', 're10', 're11']"
13736,349,e3,"['re5', 're6', 're7', 're8', 're9']"
13776,350,e5,"['re12', 're13']"
13816,351,e7,"['re7', 're10', 're11']"
13854,352,e1,"['re1', 're2', 're3', 're4']"
13894,353,e6,"['re1', 're2', 're14']"
13934,354,e2,"['re2', 're4', 're5']"
13974,355,e6,"['re1', 're2', 're14']"
14012,356,e2,"['re2', 're4', 're5']"
14052,357,e7,"['re7', 're10', 're11']"
14092,358,e6,"['re1', 're2', 're14']"
14130,359,e2,"['re2', 're4', 're5']"
14170,360,e3,"['re5', 're6', 're7', 're8', 're9']"
14210,361,e6,"['re1', 're2', 're14']"
14248,362,e6,"['re1', 're2', 're14']"
14288,363,e1,"['re1', 're2', 're3', 're4']"
14328,364,e7,"['re7', 're10', 're11']"
14368,365,e3,"['re5', 're6', 're7', 're8', 're9']"
14406,366,e6,"['re1', 're2', 're14']"
14446,367,e6,"['re1', 're2', 're14']"
14486,368,e5,"['re12', 're13']"
14524,369,e5,"['re12', 're13']"
14564,370,e4,"['re7', 're10', 're11']"
14604,371,e4,"['re7', 're10', 're11']"
14642,372,e4,"['re7', 're10', 're11']"
14682,373,e4,"['re7', 're10', 're11']"
14722,374,e6,"['re1', 're2', 're14']"
14762,375,e1,"['re1', 're2', 're3', 're4']"
14802,376,e6,"['re1', 're2', 're14']"
14840,377,e2,"['re2', 're4', 're5']"
14880,378,e6,"['re1', 're2', 're14']"
14920,379,e7,"['re7', 're10', 're11']"
14960,380,e7,"['re7', 're10', 're11']"
14998,381,e7,"['re7', 're10', 're11']"
15038,382,e3,"['re5', 're6', 're7', 're8', 're9']"
15078,383,e1,"['re1', 're2', 're3', 're4']"
15118,384,e5,"['re12', 're13']"
15156,385,e1,"['re1', 're2', 're3', 're4']"
15196,386,e1,"['re1', 're2', 're3', 're4']"
15236,387,e4,"['re7', 're10', 're11']"
15274,388,e3,"['re5', 're6', 're7', 're8', 're9']"
15314,389,e3,"['re5', 're6', 're7', 're8', 're9']"
15354,390,e3,"['re5', 're6', 're7', 're8', 're9']"
15392,391,e7,"['re7', 're10', 're11']"
15432,392,e1,"['re1', 're2', 're3', 're4']"
15472,393,e6,"['re1', 're2', 're14']"
15512,394,e4,"['re7', 're10', 're11']"
15550,395,e4,"['re7', 're10', 're11']"
15590,396,e1,"['re1', 're2', 're3', 're4']"
15630,397,e6,"['re1', 're2', 're14']"
15668,398,e6,"['re1', 're2', 're14']"
15708,399,e6,"['re1', 're2', 're14']"
15748,400,e5,"['re12', 're13']"
15786,401,e7,"['re7', 're10', 're11']"
15826,402,e5,"['re12', 're13']"
15866,403,e4,"['re7', 're10', 're11']"
15904,404,e5,"['re12', 're13']"
15944,405,e5,"['re12', 're13']"
15984,406,e7,"['re7', 're10', 're11']"
16024,407,e3,"['re5', 're6', 're7', 're8', 're9']"
16062,408,e2,"['re2', 're4', 're5']"
16102,409,e4,"['re7', 're10', 're11']"
16142,410,e3,"['re5', 're6', 're7', 're8', 're9']"
16182,411,e5,"['re12', 're13']"
16220,412,e7,"['re7', 're10', 're11']"
16260,413,e4,"['re7', 're10', 're11']"
16300,414,e1,"['re1', 're2', 're3', 're4']"
16338,415,e7,"['re7', 're10', 're11']"
16378,416,e7,"['re7', 're10', 're11']"
16418,417,e3,"['re5', 're6', 're7', 're8', 're9']"
16456,418,e5,"['re12', 're13']"
16496,419,e4,"['re7', 're10', 're11']"
16536,420,e3,"['re5', 're6', 're7', 're8', 're9']"
16576,421,e1,"['re1', 're2', 're3', 're4']"
16614,422,e1,"['re1', 're2', 're3', 're4']"
16654,423,e7,"['re7', 're10', 're11']"
16694,424,e6,"['re1', 're2', 're14']"
16732,425,e7,"['re7', 're10', 're11']"
16772,426,e7,"['re7', 're10', 're11']"
16812,427,e5,"['re12', 're13']"
16850,428,e6,"['re1', 're2', 're14']"
16890,429,e2,"['re2', 're4', 're5']"
16930,430,e6,"['re1', 're2', 're14']"
16970,431,e7,"['re7', 're10', 're11']"
17010,432,e3,"['re5', 're6', 're7', 're8', 're9']"
17048,433,e7,"['re7', 're10', 're11']"
17088,434,e2,"['re2', 're4', 're5']"
17128,435,e3,"['re5', 're6', 're7', 're8', 're9']"
17168,436,e4,"['re7', 're10', 're11']"
17206,437,e7,"['re7', 're10', 're11']"
17246,438,e1,"['re1', 're2', 're3', 're4']"
17286,439,e1,"['re1', 're2', 're3', 're4']"
17326,440,e2,"['re2', 're4', 're5']"
17364,441,e7,"['re7', 're10', 're11']"
17404,442,e6,"['re1', 're2', 're14']"
17444,443,e3,"['re5', 're6', 're7', 're8', 're9']"
17482,444,e1,"['re1', 're2', 're3', 're4']"
17522,445,e6,"['re1', 're2', 're14']"
17562,446,e4,"['re7', 're10', 're11']"
17600,447,e6,"['re1', 're2', 're14']"
17640,448,e4,"['re7', 're10', 're11']"
17680,449,e5,"['re12', 're13']"
17720,450,e3,"['re5', 're6', 're7', 're8', 're9']"
17758,451,e4,"['re7', 're10', 're11']"
17798,452,e2,"['re2', 're4', 're5']"
17838,453,e2,"['re2', 're4', 're5']"
17876,454,e5,"['re12', 're13']"
17916,455,e5,"['re12', 're13']"
17956,456,e1,"['re1', 're2', 're3', 're4']"
17994,457,e3,"['re5', 're6', 're7', 're8', 're9']"
18034,458,e6,"['re1', 're2', 're14']"
18074,459,e4,"['re7', 're10', 're11']"
18114,460,e3,"['re5', 're6', 're7', 're8', 're9']"
18152,461,e6,"['re1', 're2', 're14']"
18192,462,e5,"['re12', 're13']"
18232,463,e2,"['re2', 're4', 're5']"
18272,464,e6,"['re1', 're2', 're14']"
18310,465,e1,"['re1', 're2', 're3', 're4']"
18350,466,e4,"['re7', 're10', 're11']"
18390,467,e7,"['re7', 're10', 're11']"
18428,468,e3,"['re5', 're6', 're7', 're8', 're9']"
18468,469,e6,"['re1', 're2', 're14']"
18508,470,e5,"['re12', 're13']"
18546,471,e5,"['re12', 're13']"
18586,472,e4,"['re7', 're10', 're11']"
18626,473,e1,"['re1', 're2', 're3', 're4']"
18664,474,e4,"['re7', 're10', 're11']"
18704,475,e1,"['re1', 're2', 're3', 're4']"
18744,476,e5,"['re12', 're13']"
18784,477,e7,"['re7', 're10', 're11']"
18822,478,e3,"['re5', 're6', 're7', 're8', 're9']"
18862,479,e4,"['re7', 're10', 're11']"
18902,480,e3,"['re5', 're6', 're7', 're8', 're9']"
18940,481,e1,"['re1', 're2', 're3', 're4']"
18980,482,e6,"['re1', 're2', 're14']"
19020,483,e1,"['re1', 're2', 're3', 're4']"
19058,484,e4,"['re7', 're10', 're11']"
19098,485,e5,"['re12', 're13']"
19138,486,e2,"['re2', 're4', 're5']"
19178,487,e7,"['re7', 're10', 're11']"
19216,488,e5,"['re12', 're13']"
19256,489,e5,"['re12', 're13']"
19296,490,e3,"['re5', 're6', 're7', 're8', 're9']"
19336,491,e2,"['re2', 're4', 're5']"
19374,492,e7,"['re7', 're10', 're11']"
19414,493,e1,"['re1', 're2', 're3', 're4']"
19454,494,e1,"['re1', 're2', 're3', 're4']"
19494,495,e1,"['re1', 're2', 're3', 're4']"
19532,496,e7,"['re7', 're10', 're11']"
19572,497,e5,"['re12', 're13']"
19612,498,e5,"['re12', 're13']"
19650,499,e7,"['re7', 're10', 're11']"
19690,500,e4,"['re7', 're10', 're11']"
19730,501,e7,"['re7', 're10', 're11']"
19768,502,e3,"['re5', 're6', 're7', 're8', 're9']"
19808,503,e2,"['re2', 're4', 're5']"
19848,504,e3,"['re5', 're6', 're7', 're8', 're9']"
19888,505,e1,"['re1', 're2', 're3', 're4']"
19926,506,e3,"['re5', 're6', 're7', 're8', 're9']"
19966,507,e3,"['re5', 're6', 're7', 're8', 're9']"
20006,508,e4,"['re7', 're10', 're11']"
20044,509,e3,"['re5', 're6', 're7', 're8', 're9']"
20084,510,e2,"['re2', 're4', 're5']"
20124,511,e5,"['re12', 're13']"
20162,512,e2,"['re2', 're4', 're5']"
20202,513,e1,"['re1', 're2', 're3', 're4']"
20242,514,e6,"['re1', 're2', 're14']"
20282,515,e7,"['re7', 're10', 're11']"
20322,516,e1,"['re1', 're2', 're3', 're4']"
20360,517,e2,"['re2', 're4', 're5']"
20400,518,e5,"['re12', 're13']"
20440,519,e2,"['re2', 're4', 're5']"
20480,520,e7,"['re7', 're10', 're11']"
20518,521,e2,"['re2', 're4', 're5']"
20558,522,e2,"['re2', 're4', 're5']"
20598,523,e6,"['re1', 're2', 're14']"
20638,524,e5,"['re12', 're13']"
20676,525,e2,"['re2', 're4', 're5']"
20716,526,e2,"['re2', 're4', 're5']"
20756,527,e3,"['re5', 're6', 're7', 're8', 're9']"
20794,528,e4,"['re7', 're10', 're11']"
20834,529,e7,"['re7', 're10', 're11']"
20874,530,e3,"['re5', 're6', 're7', 're8', 're9']"
20912,531,e1,"['re1', 're2', 're3', 're4']"
20952,532,e2,"['re2', 're4', 're5']"
20992,533,e4,"['re7', 're10', 're11']"
21032,534,e4,"['re7', 're10', 're11']"
21070,535,e5,"['re12', 're13']"
21110,536,e2,"['re2', 're4', 're5']"
21150,537,e3,"['re5', 're6', 're7', 're8', 're9']"
21188,538,e3,"['re5', 're6', 're7', 're8', 're9']"
21228,539,e3,"['re5', 're6', 're7', 're8', 're9']"
21268,540,e6,"['re1', 're2', 're14']"
21306,541,e7,"['re7', 're10', 're11']"
21346,542,e2,"['re2', 're4', 're5']"
21386,543,e4,"['re7', 're10', 're11']"
21426,544,e6,"['re1', 're2', 're14']"
21466,545,e7,"['re7', 're10', 're11']"
21504,546,e4,"['re7', 're10', 're11']"
21544,547,e3,"['re5', 're6', 're7', 're8', 're9']"
21584,548,e6,"['re1', 're2', 're14']"
21624,549,e6,"['re1', 're2', 're14']"
21662,550,e7,"['re7', 're10', 're11']"
21702,551,e1,"['re1', 're2', 're3', 're4']"
21742,552,e2,"['re2', 're4', 're5']"
21782,553,e2,"['re2', 're4', 're5']"
21820,554,e1,"['re1', 're2', 're3', 're4']"
21860,555,e5,"['re12', 're13']"
21900,556,e1,"['re1', 're2', 're3', 're4']"
21938,557,e2,"['re2', 're4', 're5']"
21978,558,e6,"['re1', 're2', 're14']"
22018,559,e6,"['re1', 're2', 're14']"
22056,560,e6,"['re1', 're2', 're14']"
22096,561,e7,"['re7', 're10', 're11']"
22136,562,e2,"['re2', 're4', 're5']"
22176,563,e1,"['re1', 're2', 're3', 're4']"
22214,564,e1,"['re1', 're2', 're3', 're4']"
22254,565,e5,"['re12', 're13']"
22294,566,e4,"['re7', 're10', 're11']"
22332,567,e3,"['re5', 're6', 're7', 're8', 're9']"
22372,568,e6,"['re1', 're2', 're14']"
22412,569,e1,"['re1', 're2', 're3', 're4']"
22450,570,e3,"['re5', 're6', 're7', 're8', 're9']"
22490,571,e5,"['re12', 're13']"
22530,572,e2,"['re2', 're4', 're5']"
22570,573,e7,"['re7', 're10', 're11']"
22610,574,e7,"['re7', 're10', 're11']"
22648,575,e2,"['re2', 're4', 're5']"
22688,576,e2,"['re2', 're4', 're5']"
22728,577,e1,"['re1', 're2', 're3', 're4']"
22768,578,e7,"['re7', 're10', 're11']"
22806,579,e5,"['re12', 're13']"
22846,580,e5,"['re12', 're13']"
22886,581,e3,"['re5', 're6', 're7', 're8', 're9']"
22926,582,e1,"['re1', 're2', 're3', 're4']"
22964,583,e7,"['re7', 're10', 're11']"
23004,584,e7,"['re7', 're10', 're11']"
23044,585,e7,"['re7', 're10', 're11']"
23084,586,e6,"['re1', 're2', 're14']"
23122,587,e7,"['re7', 're10', 're11']"
23162,588,e5,"['re12', 're13']"
23202,589,e7,"['re7', 're10', 're11']"
23242,590,e1,"['re1', 're2', 're3', 're4']"
23280,591,e4,"['re7', 're10', 're11']"
23320,592,e5,"['re12', 're13']"
23360,593,e4,"['re7', 're10', 're11']"
23398,594,e4,"['re7', 're10', 're11']"
23438,595,e3,"['re5', 're6', 're7', 're8', 're9']"
23478,596,e1,"['re1', 're2', 're3', 're4']"
23516,597,e1,"['re1', 're2', 're3', 're4']"
23556,598,e4,"['re7', 're10', 're11']"
23596,599,e7,"['re7', 're10', 're11']"
23636,600,e2,"['re2', 're4', 're5']"
23674,601,e2,"['re2', 're4', 're5']"
23714,602,e1,"['re1', 're2', 're3', 're4']"
23754,603,e5,"['re12', 're13']"
23794,604,e1,"['re1', 're2', 're3', 're4']"
23832,605,e2,"['re2', 're4', 're5']"
23872,606,e5,"['re12', 're13']"
23912,607,e6,"['re1', 're2', 're14']"
23952,608,e1,"['re1', 're2', 're3', 're4']"
23990,609,e5,"['re12', 're13']"
24030,610,e7,"['re7', 're10', 're11']"
24070,611,e1,"['re1', 're2', 're3', 're4']"
24108,612,e3,"['re5', 're6', 're7', 're8', 're9']"
24148,613,e1,"['re1', 're2', 're3', 're4']"
24188,614,e1,"['re1', 're2', 're3', 're4']"
24228,615,e3,"['re5', 're6', 're7', 're8', 're9']"
24266,616,e4,"['re7', 're10', 're11']"
24306,617,e5,"['re12', 're13']"
24346,618,e2,"['re2', 're4', 're5']"
24386,619,e3,"['re5', 're6', 're7', 're8', 're9']"
24424,620,e3,"['re5', 're6', 're7', 're8', 're9']"
24464,621,e3,"['re5', 're6', 're7', 're8', 're9']"
24504,622,e5,"['re12', 're13']"
24542,623,e7,"['re7', 're10', 're11']"
24582,624,e6,"['re1', 're2', 're14']"
24622,625,e7,"['re7', 're10', 're11']"
24662,626,e6,"['re1', 're2', 're14']"
24700,627,e3,"['re5', 're6', 're7', 're8', 're9']"
24740,628,e6,"['re1', 're2', 're14']"
24780,629,e2,"['re2', 're4', 're5']"
24820,630,e4,"['re7', 're10', 're11']"
24860,631,e1,"['re1', 're2', 're3', 're4']"
24900,632,e7,"['re7', 're10', 're11']"
24940,633,e2,"['re2', 're4', 're5']"
24980,634,e3,"['re5', 're6', 're7', 're8', 're9']"
25020,635,e3,"['re5', 're6', 're7', 're8', 're9']"
25060,636,e5,"['re12', 're13']"
25100,637,e6,"['re1', 're2', 're14']"
25140,638,e1,"['re1', 're2', 're3', 're4']"
25180,639,e6,"['re1', 're2', 're14']"
25220,640,e5,"['re12', 're13']"
25260,641,e3,"['re5', 're6', 're7', 're8', 're9']"
25300,642,e5,"['re12', 're13']"
25340,643,e5,"['re12', 're13']"
25380,644,e1,"['re1', 're2', 're3', 're4']"
25420,645,e6,"['re1', 're2', 're14']"
25460,646,e3,"['re5', 're6', 're7', 're8', 're9']"
25500,647,e1,"['re1', 're2', 're3', 're4']"
25540,648,e5,"['re12', 're13']"
25580,649,e2,"['re2', 're4', 're5']"
25620,650,e7,"['re7', 're10', 're11']"
25660,651,e7,"['re7', 're10', 're11']"
25700,652,e6,"['re1', 're2', 're14']"
25740,653,e4,"['re7', 're10', 're11']"
25780,654,e3,"['re5', 're6', 're7', 're8', 're9']"
25820,655,e4,"['re7', 're10', 're11']"
25860,656,e4,"['re7', 're10', 're11']"
25900,657,e5,"['re12', 're13']"
25940,658,e7,"['re7', 're10', 're11']"
25980,659,e6,"['re1', 're2', 're14']"
26020,660,e4,"['re7', 're10', 're11']"
26060,661,e3,"['re5', 're6', 're7', 're8', 're9']"
26100,662,e4,"['re7', 're10', 're11']"
26140,663,e3,"['re5', 're6', 're7', 're8', 're9']"
26180,664,e2,"['re2', 're4', 're5']"
26220,665,e1,"['re1', 're2', 're3', 're4']"
26260,666,e1,"['re1', 're2', 're3', 're4']"
26300,667,e6,"['re1', 're2', 're14']"
26340,668,e2,"['re2', 're4', 're5']"
26380,669,e6,"['re1', 're2', 're14']"
26420,670,e5,"['re12', 're13']"
26460,671,e6,"['re1', 're2', 're14']"
26500,672,e7,"['re7', 're10', 're11']"
26540,673,e4,"['re7', 're10', 're11']"
26580,674,e7,"['re7', 're10', 're11']"
26620,675,e3,"['re5', 're6', 're7', 're8', 're9']"
26660,676,e5,"['re12', 're13']"
26700,677,e4,"['re7', 're10', 're11']"
26740,678,e7,"['re7', 're10', 're11']"
26780,679,e1,"['re1', 're2', 're3', 're4']"
26820,680,e2,"['re2', 're4', 're5']"
26860,681,e3,"['re5', 're6', 're7', 're8', 're9']"
26900,682,e7,"['re7', 're10', 're11']"
26940,683,e4,"['re7', 're10', 're11']"
26980,684,e3,"['re5', 're6', 're7', 're8', 're9']"
27020,685,e7,"['re7', 're10', 're11']"
27060,686,e7,"['re7', 're10', 're11']"
27100,687,e4,"['re7', 're10', 're11']"
27140,688,e2,"['re2', 're4', 're5']"
27180,689,e2,"['re2', 're4', 're5']"
27220,690,e6,"['re1', 're2', 're14']"
27260,691,e1,"['re1', 're2', 're3', 're4']"
27300,692,e3,"['re5', 're6', 're7', 're8', 're9']"
27340,693,e5,"['re12', 're13']"
27380,694,e4,"['re7', 're10', 're11']"
27420,695,e4,"['re7', 're10', 're11']"
27460,696,e2,"['re2', 're4', 're5']"
27500,697,e1,"['re1', 're2', 're3', 're4']"
27540,698,e4,"['re7', 're10', 're11']"
27580,699,e4,"['re7', 're10', 're11']"
27620,700,e6,"['re1', 're2', 're14']"
27660,701,e6,"['re1', 're2', 're14']"
27700,702,e6,"['re1', 're2', 're14']"
27740,703,e2,"['re2', 're4', 're5']"
27780,704,e1,"['re1', 're2', 're3', 're4']"
27820,705,e4,"['re7', 're10', 're11']"
27860,706,e5,"['re12', 're13']"
27900,707,e3,"['re5', 're6', 're7', 're8', 're9']"
27940,708,e2,"['re2', 're4', 're5']"
27980,709,e1,"['re1', 're2', 're3', 're4']"
28020,710,e7,"['re7', 're10', 're11']"
28060,711,e3,"['re5', 're6', 're7', 're8', 're9']"
28100,712,e1,"['re1', 're2', 're3', 're4']"
28140,713,e6,"['re1', 're2', 're14']"
28180,714,e5,"['re12', 're13']"
28220,715,e3,"['re5', 're6', 're7', 're8', 're9']"
28260,716,e7,"['re7', 're10', 're11']"
28300,717,e4,"['re7', 're10', 're11']"
28340,718,e6,"['re1', 're2', 're14']"
28380,719,e1,"['re1', 're2', 're3', 're4']"
28420,720,e1,"['re1', 're2', 're3', 're4']"
28460,721,e6,"['re1', 're2', 're14']"
28500,722,e5,"['re12', 're13']"
28540,723,e5,"['re12', 're13']"
28580,724,e2,"['re2', 're4', 're5']"
28620,725,e6,"['re1', 're2', 're14']"
28660,726,e7,"['re7', 're10', 're11']"
28700,727,e5,"['re12', 're13']"
28740,728,e1,"['re1', 're2', 're3', 're4']"
28780,729,e6,"['re1', 're2', 're14']"
28820,730,e1,"['re1', 're2', 're3', 're4']"
28860,731,e1,"['re1', 're2', 're3', 're4']"
28900,732,e6,"['re1', 're2', 're14']"
28940,733,e3,"['re5', 're6', 're7', 're8', 're9']"
28980,734,e2,"['re2', 're4', 're5']"
29020,735,e4,"['re7', 're10', 're11']"
29060,736,e1,"['re1', 're2', 're3', 're4']"
29100,737,e3,"['re5', 're6', 're7', 're8', 're9']"
29140,738,e6,"['re1', 're2', 're14']"
29180,739,e5,"['re12', 're13']"
29220,740,e1,"['re1', 're2', 're3', 're4']"
29260,741,e6,"['re1', 're2', 're14']"
29300,742,e5,"['re12', 're13']"
29340,743,e3,"['re5', 're6', 're7', 're8', 're9']"
29380,744,e6,"['re1', 're2', 're14']"
29420,745,e1,"['re1', 're2', 're3', 're4']"
29460,746,e3,"['re5', 're6', 're7', 're8', 're9']"
29500,747,e4,"['re7', 're10', 're11']"
29540,748,e5,"['re12', 're13']"
29580,749,e1,"['re1', 're2', 're3', 're4']"
29620,750,e4,"['re7', 're10', 're11']"
29660,751,e2,"['re2', 're4', 're5']"
29700,752,e6,"['re1', 're2', 're14']"
29740,753,e6,"['re1', 're2', 're14']"
29780,754,e4,"['re7', 're10', 're11']"
29820,755,e6,"['re1', 're2', 're14']"
29860,756,e7,"['re7', 're10', 're11']"
29900,757,e6,"['re1', 're2', 're14']"
29940,758,e3,"['re5', 're6', 're7', 're8', 're9']"
29980,759,e7,"['re7', 're10', 're11']"
30020,760,e6,"['re1', 're2', 're14']"
30060,761,e1,"['re1', 're2', 're3', 're4']"
30100,762,e4,"['re7', 're10', 're11']"
30140,763,e5,"['re12', 're13']"
30180,764,e2,"['re2', 're4', 're5']"
30220,765,e5,"['re12', 're13']"
30260,766,e6,"['re1', 're2', 're14']"
30300,767,e4,"['re7', 're10', 're11']"
30340,768,e3,"['re5', 're6', 're7', 're8', 're9']"
30380,769,e6,"['re1', 're2', 're14']"
30420,770,e7,"['re7', 're10', 're11']"
30460,771,e5,"['re12', 're13']"
30500,772,e7,"['re7', 're10', 're11']"
30540,773,e3,"['re5', 're6', 're7', 're8', 're9']"
30580,774,e3,"['re5', 're6', 're7', 're8', 're9']"
30620,775,e4,"['re7', 're10', 're11']"
30660,776,e5,"['re12', 're13']"
30700,777,e4,"['re7', 're10', 're11']"
30740,778,e5,"['re12', 're13']"
30780,779,e5,"['re12', 're13']"
30820,780,e4,"['re7', 're10', 're11']"
30860,781,e2,"['re2', 're4', 're5']"
30900,782,e3,"['re5', 're6', 're7', 're8', 're9']"
30940,783,e2,"['re2', 're4', 're5']"
30980,784,e2,"['re2', 're4', 're5']"
31020,785,e1,"['re1', 're2', 're3', 're4']"
31060,786,e7,"['re7', 're10', 're11']"
31100,787,e7,"['re7', 're10', 're11']"
31140,788,e2,"['re2', 're4', 're5']"
31180,789,e5,"['re12', 're13']"
31220,790,e2,"['re2', 're4', 're5']"
31260,791,e3,"['re5', 're6', 're7', 're8', 're9']"
31300,792,e4,"['re7', 're10', 're11']"
31340,793,e4,"['re7', 're10', 're11']"
31380,794,e4,"['re7', 're10', 're11']"
31420,795,e6,"['re1', 're2', 're14']"
31460,796,e5,"['re12', 're13']"
31500,797,e7,"['re7', 're10', 're11']"
31540,798,e5,"['re12', 're13']"
31580,799,e3,"['re5', 're6', 're7', 're8', 're9']"
31620,800,e6,"['re1', 're2', 're14']"
31660,801,e2,"['re2', 're4', 're5']"
31700,802,e6,"['re1', 're2', 're14']"
31740,803,e2,"['re2', 're4', 're5']"
31780,804,e5,"['re12', 're13']"
31820,805,e6,"['re1', 're2', 're14']"
31860,806,e5,"['re12', 're13']"
31900,807,e2,"['re2', 're4', 're5']"
31940,808,e2,"['re2', 're4', 're5']"
31980,809,e4,"['re7', 're10', 're11']"
32020,810,e7,"['re7', 're10', 're11']"
32060,811,e4,"['re7', 're10', 're11']"
32100,812,e5,"['re12', 're13']"
32140,813,e1,"['re1', 're2', 're3', 're4']"
32180,814,e4,"['re7', 're10', 're11']"
32220,815,e6,"['re1', 're2', 're14']"
32260,816,e3,"['re5', 're6', 're7', 're8', 're9']"
32300,817,e2,"['re2', 're4', 're5']"
32340,818,e6,"['re1', 're2', 're14']"
32380,819,e1,"['re1', 're2', 're3', 're4']"
32420,820,e1,"['re1', 're2', 're3', 're4']"
32460,821,e7,"['re7', 're10', 're11']"
32500,822,e1,"['re1', 're2', 're3', 're4']"
32540,823,e4,"['re7', 're10', 're11']"
32580,824,e1,"['re1', 're2', 're3', 're4']"
32620,825,e3,"['re5', 're6', 're7', 're8', 're9']"
32660,826,e1,"['re1', 're2', 're3', 're4']"
32700,827,e3,"['re5', 're6', 're7', 're8', 're9']"
32740,828,e4,"['re7', 're10', 're11']"
32780,829,e5,"['re12', 're13']"
32820,830,e3,"['re5', 're6', 're7', 're8', 're9']"
32860,831,e5,"['re12', 're13']"
32900,832,e1,"['re1', 're2', 're3', 're4']"
32940,833,e1,"['re1', 're2', 're3', 're4']"
32980,834,e2,"['re2', 're4', 're5']"
33020,835,e3,"['re5', 're6', 're7', 're8', 're9']"
33060,836,e7,"['re7', 're10', 're11']"
33100,837,e2,"['re2', 're4', 're5']"
33140,838,e5,"['re12', 're13']"
33180,839,e3,"['re5', 're6', 're7', 're8', 're9']"
33220,840,e1,"['re1', 're2', 're3', 're4']"
33260,841,e1,"['re1', 're2', 're3', 're4']"
33300,842,e1,"['re1', 're2', 're3', 're4']"
33340,843,e5,"['re12', 're13']"
33380,844,e4,"['re7', 're10', 're11']"
33420,845,e2,"['re2', 're4', 're5']"
33460,846,e5,"['re12', 're13']"
33500,847,e4,"['re7', 're10', 're11']"
33540,848,e6,"['re1', 're2', 're14']"
33580,849,e6,"['re1', 're2', 're14']"
33620,850,e5,"['re12', 're13']"
33660,851,e2,"['re2', 're4', 're5']"
33700,852,e7,"['re7', 're10', 're11']"
33740,853,e1,"['re1', 're2', 're3', 're4']"
33780,854,e1,"['re1', 're2', 're3', 're4']"
33820,855,e3,"['re5', 're6', 're7', 're8', 're9']"
33860,856,e5,"['re12', 're13']"
33900,857,e5,"['re12', 're13']"
33940,858,e3,"['re5', 're6', 're7', 're8', 're9']"
33980,859,e2,"['re2', 're4', 're5']"
34020,860,e5,"['re12', 're13']"
34060,861,e7,"['re7', 're10', 're11']"
34100,862,e7,"['re7', 're10', 're11']"
34140,863,e7,"['re7', 're10', 're11']"
34180,864,e4,"['re7', 're10', 're11']"
34220,865,e4,"['re7', 're10', 're11']"
34260,866,e6,"['re1', 're2', 're14']"
34300,867,e5,"['re12', 're13']"
34340,868,e6,"['re1', 're2', 're14']"
34380,869,e5,"['re12', 're13']"
34420,870,e7,"['re7', 're10', 're11']"
34460,871,e3,"['re5', 're6', 're7', 're8', 're9']"
34500,872,e6,"['re1', 're2', 're14']"
34540,873,e3,"['re5', 're6', 're7', 're8', 're9']"
34580,874,e1,"['re1', 're2', 're3', 're4']"
34620,875,e3,"['re5', 're6', 're7', 're8', 're9']"
34660,876,e1,"['re1', 're2', 're3', 're4']"
34700,877,e4,"['re7', 're10', 're11']"
34740,878,e4,"['re7', 're10', 're11']"
34780,879,e6,"['re1', 're2', 're14']"
34820,880,e6,"['re1', 're2', 're14']"
34860,881,e5,"['re12', 're13']"
34900,882,e6,"['re1', 're2', 're14']"
34940,883,e2,"['re2', 're4', 're5']"
34980,884,e6,"['re1', 're2', 're14']"
35020,885,e6,"['re1', 're2', 're14']"
35060,886,e3,"['re5', 're6', 're7', 're8', 're9']"
35100,887,e6,"['re1', 're2', 're14']"
35140,888,e2,"['re2', 're4', 're5']"
35180,889,e3,"['re5', 're6', 're7', 're8', 're9']"
35220,890,e2,"['re2', 're4', 're5']"
35260,891,e7,"['re7', 're10', 're11']"
35300,892,e3,"['re5', 're6', 're7', 're8', 're9']"
35340,893,e2,"['re2', 're4', 're5']"
35380,894,e6,"['re1', 're2', 're14']"
35420,895,e4,"['re7', 're10', 're11']"
35460,896,e7,"['re7', 're10', 're11']"
35500,897,e4,"['re7', 're10', 're11']"
35540,898,e7,"['re7', 're10', 're11']"
35580,899,e4,"['re7', 're10', 're11']"
35620,900,e3,"['re5', 're6', 're7', 're8', 're9']"
35660,901,e2,"['re2', 're4', 're5']"
35700,902,e7,"['re7', 're10', 're11']"
35740,903,e7,"['re7', 're10', 're11']"
35780,904,e2,"['re2', 're4', 're5']"
35820,905,e4,"['re7', 're10', 're11']"
35860,906,e2,"['re2', 're4', 're5']"
35900,907,e5,"['re12', 're13']"
35940,908,e7,"['re7', 're10', 're11']"
35980,909,e3,"['re5', 're6', 're7', 're8', 're9']"
36020,910,e2,"['re2', 're4', 're5']"
36060,911,e7,"['re7', 're10', 're11']"
36100,912,e5,"['re12', 're13']"
36140,913,e3,"['re5', 're6', 're7', 're8', 're9']"
36180,914,e7,"['re7', 're10', 're11']"
36220,915,e6,"['re1', 're2', 're14']"
36260,916,e5,"['re12', 're13']"
36300,917,e1,"['re1', 're2', 're3', 're4']"
36340,918,e1,"['re1', 're2', 're3', 're4']"
36380,919,e6,"['re1', 're2', 're14']"
36420,920,e7,"['re7', 're10', 're11']"
36460,921,e3,"['re5', 're6', 're7', 're8', 're9']"
36500,922,e7,"['re7', 're10', 're11']"
36540,923,e5,"['re12', 're13']"
36580,924,e5,"['re12', 're13']"
36620,925,e5,"['re12', 're13']"
36660,926,e4,"['re7', 're10', 're11']"
36700,927,e3,"['re5', 're6', 're7', 're8', 're9']"
36740,928,e5,"['re12', 're13']"
36780,929,e5,"['re12', 're13']"
36820,930,e5,"['re12', 're13']"
36860,931,e3,"['re5', 're6', 're7', 're8', 're9']"
36900,932,e3,"['re5', 're6', 're7', 're8', 're9']"
36940,933,e5,"['re12', 're13']"
36980,934,e4,"['re7', 're10', 're11']"
37020,935,e4,"['re7', 're10', 're11']"
37060,936,e6,"['re1', 're2', 're14']"
37100,937,e7,"['re7', 're10', 're11']"
37140,938,e5,"['re12', 're13']"
37180,939,e6,"['re1', 're2', 're14']"
37220,940,e2,"['re2', 're4', 're5']"
37260,941,e3,"['re5', 're6', 're7', 're8', 're9']"
37300,942,e7,"['re7', 're10', 're11']"
37340,943,e4,"['re7', 're10', 're11']"
37380,944,e4,"['re7', 're10', 're11']"
37420,945,e6,"['re1', 're2', 're14']"
37460,946,e7,"['re7', 're10', 're11']"
37500,947,e5,"['re12', 're13']"
37540,948,e6,"['re1', 're2', 're14']"
37580,949,e2,"['re2', 're4', 're5']"
37620,950,e5,"['re12', 're13']"
37660,951,e2,"['re2', 're4', 're5']"
37700,952,e6,"['re1', 're2', 're14']"
37740,953,e5,"['re12', 're13']"
37780,954,e5,"['re12', 're13']"
37820,955,e2,"['re2', 're4', 're5']"
37860,956,e1,"['re1', 're2', 're3', 're4']"
37900,957,e3,"['re5', 're6', 're7', 're8', 're9']"
37940,958,e6,"['re1', 're2', 're14']"
37980,959,e5,"['re12', 're13']"
38020,960,e6,"['re1', 're2', 're14']"
38060,961,e6,"['re1', 're2', 're14']"
38100,962,e4,"['re7', 're10', 're11']"
38140,963,e7,"['re7', 're10', 're11']"
38180,964,e1,"['re1', 're2', 're3', 're4']"
38220,965,e3,"['re5', 're6', 're7', 're8', 're9']"
38260,966,e3,"['re5', 're6', 're7', 're8', 're9']"
38300,967,e7,"['re7', 're10', 're11']"
38340,968,e3,"['re5', 're6', 're7', 're8', 're9']"
38380,969,e6,"['re1', 're2', 're14']"
38420,970,e6,"['re1', 're2', 're14']"
38460,971,e2,"['re2', 're4', 're5']"
38500,972,e7,"['re7', 're10', 're11']"
38540,973,e2,"['re2', 're4', 're5']"
38580,974,e5,"['re12', 're13']"
38620,975,e3,"['re5', 're6', 're7', 're8', 're9']"
38660,976,e7,"['re7', 're10', 're11']"
38700,977,e6,"['re1', 're2', 're14']"
38740,978,e1,"['re1', 're2', 're3', 're4']"
38780,979,e7,"['re7', 're10', 're11']"
38820,980,e4,"['re7', 're10', 're11']"
38860,981,e1,"['re1', 're2', 're3', 're4']"
38900,982,e2,"['re2', 're4', 're5']"
38940,983,e5,"['re12', 're13']"
38980,984,e7,"['re7', 're10', 're11']"
39020,985,e4,"['re7', 're10', 're11']"
39060,986,e6,"['re1', 're2', 're14']"
39100,987,e6,"['re1', 're2', 're14']"
39140,988,e1,"['re1', 're2', 're3', 're4']"
39180,989,e5,"['re12', 're13']"
39220,990,e1,"['re1', 're2', 're3', 're4']"
39260,991,e5,"['re12', 're13']"
39300,992,e4,"['re7', 're10', 're11']"
39340,993,e2,"['re2', 're4', 're5']"
39380,994,e6,"['re1', 're2', 're14']"
39420,995,e3,"['re5', 're6', 're7', 're8', 're9']"
39460,996,e6,"['re1', 're2', 're14']"
39500,997,e3,"['re5', 're6', 're7', 're8', 're9']"
39540,998,e1,"['re1', 're2', 're3', 're4']"
39580,999,e1,"['re1', 're2', 're3', 're4']"
39620,1000,e5,"['re12', 're13']"
39660,1001,e7,"['re7', 're10', 're11']"
39700,1002,e6,"['re1', 're2', 're14']"
39740,1003,e7,"['re7', 're10', 're11']"
39780,1004,e7,"['re7', 're10', 're11']"
39820,1005,e2,"['re2', 're4', 're5']"
39860,1006,e2,"['re2', 're4', 're5']"
39900,1007,e7,"['re7', 're10', 're11']"
39940,1008,e3,"['re5', 're6', 're7', 're8', 're9']"
39980,1009,e4,"['re7', 're10', 're11']"
40020,1010,e5,"['re12', 're13']"
40060,1011,e2,"['re2', 're4', 're5']"
40100,1012,e4,"['re7', 're10', 're11']"
40140,1013,e4,"['re7', 're10', 're11']"
40180,1014,e5,"['re12', 're13']"
40220,1015,e2,"['re2', 're4', 're5']"
40260,1016,e3,"['re5', 're6', 're7', 're8', 're9']"
40300,1017,e2,"['re2', 're4', 're5']"
40340,1018,e2,"['re2', 're4', 're5']"
40380,1019,e1,"['re1', 're2', 're3', 're4']"
40420,1020,e6,"['re1', 're2', 're14']"
40460,1021,e5,"['re12', 're13']"
40500,1022,e5,"['re12', 're13']"
40540,1023,e2,"['re2', 're4', 're5']"
40580,1024,e5,"['re12', 're13']"
40620,1025,e6,"['re1', 're2', 're14']"
40660,1026,e4,"['re7', 're10', 're11']"
40700,1027,e7,"['re7', 're10', 're11']"
40740,1028,e1,"['re1', 're2', 're3', 're4']"
40780,1029,e4,"['re7', 're10', 're11']"
40820,1030,e5,"['re12', 're13']"
40860,1031,e5,"['re12', 're13']"
40900,1032,e1,"['re1', 're2', 're3', 're4']"
40940,1033,e6,"['re1', 're2', 're14']"
40980,1034,e6,"['re1', 're2', 're14']"
41020,1035,e3,"['re5', 're6', 're7', 're8', 're9']"
41060,1036,e7,"['re7', 're10', 're11']"
41100,1037,e1,"['re1', 're2', 're3', 're4']"
41140,1038,e2,"['re2', 're4', 're5']"
41180,1039,e1,"['re1', 're2', 're3', 're4']"
41220,1040,e5,"['re12', 're13']"
41260,1041,e7,"['re7', 're10', 're11']"
41300,1042,e2,"['re2', 're4', 're5']"
41340,1043,e2,"['re2', 're4', 're5']"
41380,1044,e7,"['re7', 're10', 're11']"
41420,1045,e7,"['re7', 're10', 're11']"
41460,1046,e7,"['re7', 're10', 're11']"
41500,1047,e3,"['re5', 're6', 're7', 're8', 're9']"
41540,1048,e4,"['re7', 're10', 're11']"
41580,1049,e1,"['re1', 're2', 're3', 're4']"
41620,1050,e7,"['re7', 're10', 're11']"
41660,1051,e5,"['re12', 're13']"
41700,1052,e5,"['re12', 're13']"
41740,1053,e5,"['re12', 're13']"
41780,1054,e6,"['re1', 're2', 're14']"
41820,1055,e1,"['re1', 're2', 're3', 're4']"
41860,1056,e7,"['re7', 're10', 're11']"
41900,1057,e1,"['re1', 're2', 're3', 're4']"
41940,1058,e7,"['re7', 're10', 're11']"
41980,1059,e5,"['re12', 're13']"
42020,1060,e5,"['re12', 're13']"
42060,1061,e5,"['re12', 're13']"
42100,1062,e7,"['re7', 're10', 're11']"
42140,1063,e3,"['re5', 're6', 're7', 're8', 're9']"
42180,1064,e6,"['re1', 're2', 're14']"
42220,1065,e5,"['re12', 're13']"
42260,1066,e2,"['re2', 're4', 're5']"
42300,1067,e4,"['re7', 're10', 're11']"
42340,1068,e5,"['re12', 're13']"
42380,1069,e4,"['re7', 're10', 're11']"
42420,1070,e2,"['re2', 're4', 're5']"
42460,1071,e5,"['re12', 're13']"
42500,1072,e5,"['re12', 're13']"
42540,1073,e5,"['re12', 're13']"
42580,1074,e1,"['re1', 're2', 're3', 're4']"
42620,1075,e6,"['re1', 're2', 're14']"
42660,1076,e4,"['re7', 're10', 're11']"
42700,1077,e4,"['re7', 're10', 're11']"
42740,1078,e5,"['re12', 're13']"
42780,1079,e4,"['re7', 're10', 're11']"
42820,1080,e3,"['re5', 're6', 're7', 're8', 're9']"
42860,1081,e1,"['re1', 're2', 're3', 're4']"
42900,1082,e6,"['re1', 're2', 're14']"
42940,1083,e2,"['re2', 're4', 're5']"
42980,1084,e6,"['re1', 're2', 're14']"
43020,1085,e4,"['re7', 're10', 're11']"
43060,1086,e5,"['re12', 're13']"
43100,1087,e7,"['re7', 're10', 're11']"
43140,1088,e3,"['re5', 're6', 're7', 're8', 're9']"
43180,1089,e7,"['re7', 're10', 're11']"
43220,1090,e3,"['re5', 're6', 're7', 're8', 're9']"
43260,1091,e4,"['re7', 're10', 're11']"
43300,1092,e6,"['re1', 're2', 're14']"
43340,1093,e6,"['re1', 're2', 're14']"
43380,1094,e6,"['re1', 're2', 're14']"
43418,1095,e5,"['re12', 're13']"
43458,1096,e3,"['re5', 're6', 're7', 're8', 're9']"
43498,1097,e2,"['re2', 're4', 're5']"
43538,1098,e4,"['re7', 're10', 're11']"
43578,1099,e2,"['re2', 're4', 're5']"
43618,1100,e7,"['re7', 're10', 're11']"
43658,1101,e3,"['re5', 're6', 're7', 're8', 're9']"
43698,1102,e3,"['re5', 're6', 're7', 're8', 're9']"
43738,1103,e1,"['re1', 're2', 're3', 're4']"
43778,1104,e7,"['re7', 're10', 're11']"
43818,1105,e7,"['re7', 're10', 're11']"
43858,1106,e4,"['re7', 're10', 're11']"
43898,1107,e2,"['re2', 're4', 're5']"
43938,1108,e6,"['re1', 're2', 're14']"
43978,1109,e3,"['re5', 're6', 're7', 're8', 're9']"
44018,1110,e6,"['re1', 're2', 're14']"
44058,1111,e1,"['re1', 're2', 're3', 're4']"
44098,1112,e5,"['re12', 're13']"
44138,1113,e2,"['re2', 're4', 're5']"
44178,1114,e1,"['re1', 're2', 're3', 're4']"
44218,1115,e4,"['re7', 're10', 're11']"
44258,1116,e4,"['re7', 're10', 're11']"
44298,1117,e4,"['re7', 're10', 're11']"
44338,1118,e3,"['re5', 're6', 're7', 're8', 're9']"
44378,1119,e2,"['re2', 're4', 're5']"
44418,1120,e5,"['re12', 're13']"
44458,1121,e1,"['re1', 're2', 're3', 're4']"
44498,1122,e7,"['re7', 're10', 're11']"
44538,1123,e3,"['re5', 're6', 're7', 're8', 're9']"
44578,1124,e1,"['re1', 're2', 're3', 're4']"
44618,1125,e7,"['re7', 're10', 're11']"
44658,1126,e4,"['re7', 're10', 're11']"
44698,1127,e1,"['re1', 're2', 're3', 're4']"
44738,1128,e4,"['re7', 're10', 're11']"
44778,1129,e5,"['re12', 're13']"
44818,1130,e5,"['re12', 're13']"
44858,1131,e2,"['re2', 're4', 're5']"
44898,1132,e2,"['re2', 're4', 're5']"
44938,1133,e5,"['re12', 're13']"
44978,1134,e3,"['re5', 're6', 're7', 're8', 're9']"
45018,1135,e5,"['re12', 're13']"
45058,1136,e7,"['re7', 're10', 're11']"
45098,1137,e2,"['re2', 're4', 're5']"
45138,1138,e4,"['re7', 're10', 're11']"
45178,1139,e3,"['re5', 're6', 're7', 're8', 're9']"
45218,1140,e7,"['re7', 're10', 're11']"
45258,1141,e5,"['re12', 're13']"
45298,1142,e3,"['re5', 're6', 're7', 're8', 're9']"
45338,1143,e5,"['re12', 're13']"
45378,1144,e5,"['re12', 're13']"
45418,1145,e1,"['re1', 're2', 're3', 're4']"
45458,1146,e2,"['re2', 're4', 're5']"
45498,1147,e2,"['re2', 're4', 're5']"
45538,1148,e2,"['re2', 're4', 're5']"
45578,1149,e5,"['re12', 're13']"
45618,1150,e2,"['re2', 're4', 're5']"
45658,1151,e5,"['re12', 're13']"
45698,1152,e7,"['re7', 're10', 're11']"
45738,1153,e5,"['re12', 're13']"
45778,1154,e7,"['re7', 're10', 're11']"
45818,1155,e3,"['re5', 're6', 're7', 're8', 're9']"
45858,1156,e4,"['re7', 're10', 're11']"
45898,1157,e6,"['re1', 're2', 're14']"
45938,1158,e3,"['re5', 're6', 're7', 're8', 're9']"
45978,1159,e2,"['re2', 're4', 're5']"
46018,1160,e7,"['re7', 're10', 're11']"
46058,1161,e1,"['re1', 're2', 're3', 're4']"
46098,1162,e2,"['re2', 're4', 're5']"
46138,1163,e6,"['re1', 're2', 're14']"
46178,1164,e4,"['re7', 're10', 're11']"
46218,1165,e1,"['re1', 're2', 're3', 're4']"
46258,1166,e7,"['re7', 're10', 're11']"
46298,1167,e7,"['re7', 're10', 're11']"
46338,1168,e4,"['re7', 're10', 're11']"
46378,1169,e4,"['re7', 're10', 're11']"
46418,1170,e3,"['re5', 're6', 're7', 're8', 're9']"
46458,1171,e3,"['re5', 're6', 're7', 're8', 're9']"
46498,1172,e6,"['re1', 're2', 're14']"
46538,1173,e7,"['re7', 're10', 're11']"
46578,1174,e5,"['re12', 're13']"
46618,1175,e5,"['re12', 're13']"
46658,1176,e5,"['re12', 're13']"
46698,1177,e4,"['re7', 're10', 're11']"
46738,1178,e1,"['re1', 're2', 're3', 're4']"
46778,1179,e7,"['re7', 're10', 're11']"
46818,1180,e2,"['re2', 're4', 're5']"
46858,1181,e5,"['re12', 're13']"
46898,1182,e2,"['re2', 're4', 're5']"
46938,1183,e6,"['re1', 're2', 're14']"
46978,1184,e4,"['re7', 're10', 're11']"
47018,1185,e4,"['re7', 're10', 're11']"
47058,1186,e4,"['re7', 're10', 're11']"
47098,1187,e2,"['re2', 're4', 're5']"
47138,1188,e7,"['re7', 're10', 're11']"
47178,1189,e7,"['re7', 're10', 're11']"
47218,1190,e3,"['re5', 're6', 're7', 're8', 're9']"
47258,1191,e4,"['re7', 're10', 're11']"
47298,1192,e5,"['re12', 're13']"
47338,1193,e3,"['re5', 're6', 're7', 're8', 're9']"
47378,1194,e2,"['re2', 're4', 're5']"
47418,1195,e1,"['re1', 're2', 're3', 're4']"
47458,1196,e5,"['re12', 're13']"
47498,1197,e7,"['re7', 're10', 're11']"
47538,1198,e3,"['re5', 're6', 're7', 're8', 're9']"
47578,1199,e3,"['re5', 're6', 're7', 're8', 're9']"
47618,1200,e7,"['re7', 're10', 're11']"
47658,1201,e4,"['re7', 're10', 're11']"
47698,1202,e6,"['re1', 're2', 're14']"
47738,1203,e3,"['re5', 're6', 're7', 're8', 're9']"
47778,1204,e2,"['re2', 're4', 're5']"
47818,1205,e3,"['re5', 're6', 're7', 're8', 're9']"
47858,1206,e7,"['re7', 're10', 're11']"
47898,1207,e1,"['re1', 're2', 're3', 're4']"
47938,1208,e7,"['re7', 're10', 're11']"
47978,1209,e4,"['re7', 're10', 're11']"
48018,1210,e4,"['re7', 're10', 're11']"
48058,1211,e7,"['re7', 're10', 're11']"
48098,1212,e6,"['re1', 're2', 're14']"
48138,1213,e5,"['re12', 're13']"
48178,1214,e7,"['re7', 're10', 're11']"
48218,1215,e7,"['re7', 're10', 're11']"
48258,1216,e5,"['re12', 're13']"
48298,1217,e7,"['re7', 're10', 're11']"
48338,1218,e5,"['re12', 're13']"
48378,1219,e5,"['re12', 're13']"
48418,1220,e5,"['re12', 're13']"
48458,1221,e4,"['re7', 're10', 're11']"
48498,1222,e3,"['re5', 're6', 're7', 're8', 're9']"
48538,1223,e4,"['re7', 're10', 're11']"
48578,1224,e3,"['re5', 're6', 're7', 're8', 're9']"
48618,1225,e3,"['re5', 're6', 're7', 're8', 're9']"
48658,1226,e6,"['re1', 're2', 're14']"
48698,1227,e1,"['re1', 're2', 're3', 're4']"
48738,1228,e2,"['re2', 're4', 're5']"
48778,1229,e5,"['re12', 're13']"
48818,1230,e2,"['re2', 're4', 're5']"
48858,1231,e3,"['re5', 're6', 're7', 're8', 're9']"
48898,1232,e4,"['re7', 're10', 're11']"
48938,1233,e2,"['re2', 're4', 're5']"
48978,1234,e4,"['re7', 're10', 're11']"
49018,1235,e7,"['re7', 're10', 're11']"
49058,1236,e5,"['re12', 're13']"
49098,1237,e7,"['re7', 're10', 're11']"
49138,1238,e4,"['re7', 're10', 're11']"
49178,1239,e1,"['re1', 're2', 're3', 're4']"
49218,1240,e2,"['re2', 're4', 're5']"
49258,1241,e7,"['re7', 're10', 're11']"
49298,1242,e3,"['re5', 're6', 're7', 're8', 're9']"
49338,1243,e3,"['re5', 're6', 're7', 're8', 're9']"
49378,1244,e5,"['re12', 're13']"
49418,1245,e1,"['re1', 're2', 're3', 're4']"
49458,1246,e7,"['re7', 're10', 're11']"
49498,1247,e5,"['re12', 're13']"
49538,1248,e1,"['re1', 're2', 're3', 're4']"
49578,1249,e5,"['re12', 're13']"
49618,1250,e4,"['re7', 're10', 're11']"
49658,1251,e4,"['re7', 're10', 're11']"
49698,1252,e2,"['re2', 're4', 're5']"
49738,1253,e1,"['re1', 're2', 're3', 're4']"
49778,1254,e7,"['re7', 're10', 're11']"
49818,1255,e7,"['re7', 're10', 're11']"
49858,1256,e6,"['re1', 're2', 're14']"
49898,1257,e7,"['re7', 're10', 're11']"
49938,1258,e7,"['re7', 're10', 're11']"
49978,1259,e4,"['re7', 're10', 're11']"
50018,1260,e2,"['re2', 're4', 're5']"
50058,1261,e2,"['re2', 're4', 're5']"
50098,1262,e4,"['re7', 're10', 're11']"
50138,1263,e1,"['re1', 're2', 're3', 're4']"
50178,1264,e6,"['re1', 're2', 're14']"
50218,1265,e7,"['re7', 're10', 're11']"
50258,1266,e7,"['re7', 're10', 're11']"
50298,1267,e3,"['re5', 're6', 're7', 're8', 're9']"
50338,1268,e6,"['re1', 're2', 're14']"
50378,1269,e4,"['re7', 're10', 're11']"
50418,1270,e6,"['re1', 're2', 're14']"
50458,1271,e1,"['re1', 're2', 're3', 're4']"
50498,1272,e5,"['re12', 're13']"
50538,1273,e3,"['re5', 're6', 're7', 're8', 're9']"
50578,1274,e4,"['re7', 're10', 're11']"
50618,1275,e5,"['re12', 're13']"
50658,1276,e2,"['re2', 're4', 're5']"
50698,1277,e6,"['re1', 're2', 're14']"
50738,1278,e5,"['re12', 're13']"
50778,1279,e4,"['re7', 're10', 're11']"
50818,1280,e5,"['re12', 're13']"
50858,1281,e7,"['re7', 're10', 're11']"
50898,1282,e7,"['re7', 're10', 're11']"
50938,1283,e1,"['re1', 're2', 're3', 're4']"
50978,1284,e4,"['re7', 're10', 're11']"
51018,1285,e1,"['re1', 're2', 're3', 're4']"
51058,1286,e6,"['re1', 're2', 're14']"
51098,1287,e3,"['re5', 're6', 're7', 're8', 're9']"
51138,1288,e5,"['re12', 're13']"
51178,1289,e7,"['re7', 're10', 're11']"
51218,1290,e2,"['re2', 're4', 're5']"
51258,1291,e2,"['re2', 're4', 're5']"
51298,1292,e7,"['re7', 're10', 're11']"
51338,1293,e4,"['re7', 're10', 're11']"
51378,1294,e3,"['re5', 're6', 're7', 're8', 're9']"
51418,1295,e7,"['re7', 're10', 're11']"
51458,1296,e5,"['re12', 're13']"
51498,1297,e6,"['re1', 're2', 're14']"
51538,1298,e1,"['re1', 're2', 're3', 're4']"
51578,1299,e5,"['re12', 're13']"
51618,1300,e7,"['re7', 're10', 're11']"
51658,1301,e4,"['re7', 're10', 're11']"
51698,1302,e4,"['re7', 're10', 're11']"
51738,1303,e1,"['re1', 're2', 're3', 're4']"
51778,1304,e3,"['re5', 're6', 're7', 're8', 're9']"
51818,1305,e3,"['re5', 're6', 're7', 're8', 're9']"
51858,1306,e3,"['re5', 're6', 're7', 're8', 're9']"
51898,1307,e2,"['re2', 're4', 're5']"
51938,1308,e3,"['re5', 're6', 're7', 're8', 're9']"
51978,1309,e3,"['re5', 're6', 're7', 're8', 're9']"
52018,1310,e5,"['re12', 're13']"
52058,1311,e5,"['re12', 're13']"
52098,1312,e5,"['re12', 're13']"
52138,1313,e3,"['re5', 're6', 're7', 're8', 're9']"
52178,1314,e7,"['re7', 're10', 're11']"
52218,1315,e1,"['re1', 're2', 're3', 're4']"
52258,1316,e1,"['re1', 're2', 're3', 're4']"
52298,1317,e4,"['re7', 're10', 're11']"
52338,1318,e7,"['re7', 're10', 're11']"
52378,1319,e2,"['re2', 're4', 're5']"
52418,1320,e7,"['re7', 're10', 're11']"
52458,1321,e6,"['re1', 're2', 're14']"
52498,1322,e3,"['re5', 're6', 're7', 're8', 're9']"
52538,1323,e2,"['re2', 're4', 're5']"
52578,1324,e7,"['re7', 're10', 're11']"
52618,1325,e4,"['re7', 're10', 're11']"
52658,1326,e1,"['re1', 're2', 're3', 're4']"
52698,1327,e6,"['re1', 're2', 're14']"
52738,1328,e7,"['re7', 're10', 're11']"
52778,1329,e7,"['re7', 're10', 're11']"
52818,1330,e3,"['re5', 're6', 're7', 're8', 're9']"
52858,1331,e4,"['re7', 're10', 're11']"
52898,1332,e7,"['re7', 're10', 're11']"
52938,1333,e7,"['re7', 're10', 're11']"
52978,1334,e7,"['re7', 're10', 're11']"
53018,1335,e4,"['re7', 're10', 're11']"
53058,1336,e3,"['re5', 're6', 're7', 're8', 're9']"
53098,1337,e5,"['re12', 're13']"
53138,1338,e5,"['re12', 're13']"
53178,1339,e3,"['re5', 're6', 're7', 're8', 're9']"
53218,1340,e6,"['re1', 're2', 're14']"
53258,1341,e3,"['re5', 're6', 're7', 're8', 're9']"
53298,1342,e7,"['re7', 're10', 're11']"
53338,1343,e5,"['re12', 're13']"
53378,1344,e6,"['re1', 're2', 're14']"
53418,1345,e6,"['re1', 're2', 're14']"
53458,1346,e4,"['re7', 're10', 're11']"
53498,1347,e7,"['re7', 're10', 're11']"
53538,1348,e6,"['re1', 're2', 're14']"
53578,1349,e2,"['re2', 're4', 're5']"
53618,1350,e3,"['re5', 're6', 're7', 're8', 're9']"
53658,1351,e4,"['re7', 're10', 're11']"
53698,1352,e7,"['re7', 're10', 're11']"
53738,1353,e3,"['re5', 're6', 're7', 're8', 're9']"
53778,1354,e4,"['re7', 're10', 're11']"
53818,1355,e1,"['re1', 're2', 're3', 're4']"
53858,1356,e7,"['re7', 're10', 're11']"
53898,1357,e4,"['re7', 're10', 're11']"
53938,1358,e2,"['re2', 're4', 're5']"
53978,1359,e5,"['re12', 're13']"
54018,1360,e5,"['re12', 're13']"
54058,1361,e6,"['re1', 're2', 're14']"
54098,1362,e2,"['re2', 're4', 're5']"
54138,1363,e5,"['re12', 're13']"
54178,1364,e6,"['re1', 're2', 're14']"
54218,1365,e5,"['re12', 're13']"
54258,1366,e6,"['re1', 're2', 're14']"
54298,1367,e2,"['re2', 're4', 're5']"
54338,1368,e2,"['re2', 're4', 're5']"
54378,1369,e1,"['re1', 're2', 're3', 're4']"
54418,1370,e1,"['re1', 're2', 're3', 're4']"
54458,1371,e6,"['re1', 're2', 're14']"
54498,1372,e3,"['re5', 're6', 're7', 're8', 're9']"
54538,1373,e1,"['re1', 're2', 're3', 're4']"
54578,1374,e4,"['re7', 're10', 're11']"
54618,1375,e2,"['re2', 're4', 're5']"
54658,1376,e5,"['re12', 're13']"
54698,1377,e6,"['re1', 're2', 're14']"
54738,1378,e3,"['re5', 're6', 're7', 're8', 're9']"
54778,1379,e7,"['re7', 're10', 're11']"
54818,1380,e1,"['re1', 're2', 're3', 're4']"
54858,1381,e6,"['re1', 're2', 're14']"
54898,1382,e6,"['re1', 're2', 're14']"
54938,1383,e7,"['re7', 're10', 're11']"
54978,1384,e6,"['re1', 're2', 're14']"
55018,1385,e2,"['re2', 're4', 're5']"
55058,1386,e5,"['re12', 're13']"
55098,1387,e5,"['re12', 're13']"
55138,1388,e1,"['re1', 're2', 're3', 're4']"
55178,1389,e3,"['re5', 're6', 're7', 're8', 're9']"
55218,1390,e7,"['re7', 're10', 're11']"
55258,1391,e7,"['re7', 're10', 're11']"
55298,1392,e4,"['re7', 're10', 're11']"
55338,1393,e3,"['re5', 're6', 're7', 're8', 're9']"
55378,1394,e3,"['re5', 're6', 're7', 're8', 're9']"
55418,1395,e6,"['re1', 're2', 're14']"
55458,1396,e4,"['re7', 're10', 're11']"
55498,1397,e4,"['re7', 're10', 're11']"
55538,1398,e7,"['re7', 're10', 're11']"
55578,1399,e4,"['re7', 're10', 're11']"
55618,1400,e1,"['re1', 're2', 're3', 're4']"
55658,1401,e1,"['re1', 're2', 're3', 're4']"
55698,1402,e6,"['re1', 're2', 're14']"
55738,1403,e4,"['re7', 're10', 're11']"
55778,1404,e1,"['re1', 're2', 're3', 're4']"
55818,1405,e6,"['re1', 're2', 're14']"
55858,1406,e6,"['re1', 're2', 're14']"
55898,1407,e3,"['re5', 're6', 're7', 're8', 're9']"
55938,1408,e5,"['re12', 're13']"
55978,1409,e4,"['re7', 're10', 're11']"
56018,1410,e2,"['re2', 're4', 're5']"
56058,1411,e2,"['re2', 're4', 're5']"
56098,1412,e1,"['re1', 're2', 're3', 're4']"
56138,1413,e7,"['re7', 're10', 're11']"
56178,1414,e3,"['re5', 're6', 're7', 're8', 're9']"
56218,1415,e1,"['re1', 're2', 're3', 're4']"
56258,1416,e6,"['re1', 're2', 're14']"
56298,1417,e7,"['re7', 're10', 're11']"
56338,1418,e5,"['re12', 're13']"
56378,1419,e1,"['re1', 're2', 're3', 're4']"
56418,1420,e4,"['re7', 're10', 're11']"
56458,1421,e4,"['re7', 're10', 're11']"
56498,1422,e2,"['re2', 're4', 're5']"
56538,1423,e4,"['re7', 're10', 're11']"
56578,1424,e1,"['re1', 're2', 're3', 're4']"
56618,1425,e7,"['re7', 're10', 're11']"
56658,1426,e4,"['re7', 're10', 're11']"
56698,1427,e1,"['re1', 're2', 're3', 're4']"
56738,1428,e2,"['re2', 're4', 're5']"
56778,1429,e1,"['re1', 're2', 're3', 're4']"
56818,1430,e6,"['re1', 're2', 're14']"
56858,1431,e2,"['re2', 're4', 're5']"
56898,1432,e7,"['re7', 're10', 're11']"
56938,1433,e5,"['re12', 're13']"
56978,1434,e4,"['re7', 're10', 're11']"
57018,1435,e5,"['re12', 're13']"
57058,1436,e5,"['re12', 're13']"
57098,1437,e5,"['re12', 're13']"
57138,1438,e3,"['re5', 're6', 're7', 're8', 're9']"
57178,1439,e2,"['re2', 're4', 're5']"
57218,1440,e4,"['re7', 're10', 're11']"
57258,1441,e3,"['re5', 're6', 're7', 're8', 're9']"
57298,1442,e5,"['re12', 're13']"
57338,1443,e4,"['re7', 're10', 're11']"
57378,1444,e5,"['re12', 're13']"
57418,1445,e5,"['re12', 're13']"
57458,1446,e7,"['re7', 're10', 're11']"
57498,1447,e4,"['re7', 're10', 're11']"
57538,1448,e7,"['re7', 're10', 're11']"
57578,1449,e1,"['re1', 're2', 're3', 're4']"
57618,1450,e7,"['re7', 're10', 're11']"
57658,1451,e1,"['re1', 're2', 're3', 're4']"
57698,1452,e2,"['re2', 're4', 're5']"
57738,1453,e7,"['re7', 're10', 're11']"
57778,1454,e2,"['re2', 're4', 're5']"
57818,1455,e1,"['re1', 're2', 're3', 're4']"
57858,1456,e2,"['re2', 're4', 're5']"
57898,1457,e6,"['re1', 're2', 're14']"
57938,1458,e3,"['re5', 're6', 're7', 're8', 're9']"
57978,1459,e4,"['re7', 're10', 're11']"
58018,1460,e4,"['re7', 're10', 're11']"
58058,1461,e7,"['re7', 're10', 're11']"
58098,1462,e5,"['re12', 're13']"
58138,1463,e4,"['re7', 're10', 're11']"
58178,1464,e4,"['re7', 're10', 're11']"
58218,1465,e2,"['re2', 're4', 're5']"
58258,1466,e3,"['re5', 're6', 're7', 're8', 're9']"
58298,1467,e4,"['re7', 're10', 're11']"
58338,1468,e4,"['re7', 're10', 're11']"
58378,1469,e5,"['re12', 're13']"
58418,1470,e5,"['re12', 're13']"
58458,1471,e1,"['re1', 're2', 're3', 're4']"
58498,1472,e5,"['re12', 're13']"
58538,1473,e4,"['re7', 're10', 're11']"
58578,1474,e3,"['re5', 're6', 're7', 're8', 're9']"
58618,1475,e4,"['re7', 're10', 're11']"
58658,1476,e7,"['re7', 're10', 're11']"
58698,1477,e4,"['re7', 're10', 're11']"
58738,1478,e1,"['re1', 're2', 're3', 're4']"
58778,1479,e3,"['re5', 're6', 're7', 're8', 're9']"
58818,1480,e1,"['re1', 're2', 're3', 're4']"
58858,1481,e7,"['re7', 're10', 're11']"
58898,1482,e4,"['re7', 're10', 're11']"
58938,1483,e3,"['re5', 're6', 're7', 're8', 're9']"
58978,1484,e5,"['re12', 're13']"
59018,1485,e2,"['re2', 're4', 're5']"
59058,1486,e1,"['re1', 're2', 're3', 're4']"
59098,1487,e6,"['re1', 're2', 're14']"
59138,1488,e1,"['re1', 're2', 're3', 're4']"
59176,1489,e1,"['re1', 're2', 're3', 're4']"
59216,1490,e2,"['re2', 're4', 're5']"
59256,1491,e5,"['re12', 're13']"
59296,1492,e2,"['re2', 're4', 're5']"
59336,1493,e5,"['re12', 're13']"
59376,1494,e2,"['re2', 're4', 're5']"
59416,1495,e4,"['re7', 're10', 're11']"
59456,1496,e6,"['re1', 're2', 're14']"
59496,1497,e3,"['re5', 're6', 're7', 're8', 're9']"
59536,1498,e3,"['re5', 're6', 're7', 're8', 're9']"
59576,1499,e3,"['re5', 're6', 're7', 're8', 're9']"
59616,1500,e1,"['re1', 're2', 're3', 're4']"
59656,1501,e1,"['re1', 're2', 're3', 're4']"
59696,1502,e5,"['re12', 're13']"
59736,1503,e7,"['re7', 're10', 're11']"
59776,1504,e7,"['re7', 're10', 're11']"
59816,1505,e1,"['re1', 're2', 're3', 're4']"
59856,1506,e2,"['re2', 're4', 're5']"
59896,1507,e3,"['re5', 're6', 're7', 're8', 're9']"
59936,1508,e7,"['re7', 're10', 're11']"
59976,1509,e4,"['re7', 're10', 're11']"
60016,1510,e2,"['re2', 're4', 're5']"
60056,1511,e4,"['re7', 're10', 're11']"
60096,1512,e1,"['re1', 're2', 're3', 're4']"
60136,1513,e6,"['re1', 're2', 're14']"
60176,1514,e3,"['re5', 're6', 're7', 're8', 're9']"
60216,1515,e4,"['re7', 're10', 're11']"
60256,1516,e1,"['re1', 're2', 're3', 're4']"
60296,1517,e5,"['re12', 're13']"
60336,1518,e2,"['re2', 're4', 're5']"
60376,1519,e1,"['re1', 're2', 're3', 're4']"
60416,1520,e3,"['re5', 're6', 're7', 're8', 're9']"
60456,1521,e1,"['re1', 're2', 're3', 're4']"
60496,1522,e7,"['re7', 're10', 're11']"
60536,1523,e6,"['re1', 're2', 're14']"
60576,1524,e7,"['re7', 're10', 're11']"
60616,1525,e7,"['re7', 're10', 're11']"
60656,1526,e6,"['re1', 're2', 're14']"
60696,1527,e7,"['re7', 're10', 're11']"
60736,1528,e6,"['re1', 're2', 're14']"
60776,1529,e5,"['re12', 're13']"
60816,1530,e1,"['re1', 're2', 're3', 're4']"
60856,1531,e4,"['re7', 're10', 're11']"
60896,1532,e5,"['re12', 're13']"
60936,1533,e7,"['re7', 're10', 're11']"
60976,1534,e2,"['re2', 're4', 're5']"
61016,1535,e3,"['re5', 're6', 're7', 're8', 're9']"
61056,1536,e3,"['re5', 're6', 're7', 're8', 're9']"
61096,1537,e2,"['re2', 're4', 're5']"
61136,1538,e3,"['re5', 're6', 're7', 're8', 're9']"
61176,1539,e1,"['re1', 're2', 're3', 're4']"
61216,1540,e7,"['re7', 're10', 're11']"
61256,1541,e7,"['re7', 're10', 're11']"
61296,1542,e6,"['re1', 're2', 're14']"
61336,1543,e3,"['re5', 're6', 're7', 're8', 're9']"
61376,1544,e6,"['re1', 're2', 're14']"
61416,1545,e7,"['re7', 're10', 're11']"
61456,1546,e3,"['re5', 're6', 're7', 're8', 're9']"
61496,1547,e2,"['re2', 're4', 're5']"
61536,1548,e7,"['re7', 're10', 're11']"
61576,1549,e1,"['re1', 're2', 're3', 're4']"
61616,1550,e5,"['re12', 're13']"
61656,1551,e6,"['re1', 're2', 're14']"
61696,1552,e5,"['re12', 're13']"
61736,1553,e2,"['re2', 're4', 're5']"
61776,1554,e3,"['re5', 're6', 're7', 're8', 're9']"
61816,1555,e1,"['re1', 're2', 're3', 're4']"
61856,1556,e2,"['re2', 're4', 're5']"
61896,1557,e1,"['re1', 're2', 're3', 're4']"
61936,1558,e5,"['re12', 're13']"
61976,1559,e2,"['re2', 're4', 're5']"
62016,1560,e6,"['re1', 're2', 're14']"
62056,1561,e5,"['re12', 're13']"
62096,1562,e1,"['re1', 're2', 're3', 're4']"
62136,1563,e6,"['re1', 're2', 're14']"
62176,1564,e3,"['re5', 're6', 're7', 're8', 're9']"
62216,1565,e4,"['re7', 're10', 're11']"
62256,1566,e4,"['re7', 're10', 're11']"
62296,1567,e6,"['re1', 're2', 're14']"
62336,1568,e4,"['re7', 're10', 're11']"
62376,1569,e6,"['re1', 're2', 're14']"
62416,1570,e4,"['re7', 're10', 're11']"
62456,1571,e6,"['re1', 're2', 're14']"
62496,1572,e2,"['re2', 're4', 're5']"
62536,1573,e5,"['re12', 're13']"
62576,1574,e7,"['re7', 're10', 're11']"
62616,1575,e6,"['re1', 're2', 're14']"
62656,1576,e1,"['re1', 're2', 're3', 're4']"
62696,1577,e3,"['re5', 're6', 're7', 're8', 're9']"
62736,1578,e3,"['re5', 're6', 're7', 're8', 're9']"
62776,1579,e4,"['re7', 're10', 're11']"
62816,1580,e7,"['re7', 're10', 're11']"
62856,1581,e1,"['re1', 're2', 're3', 're4']"
62896,1582,e4,"['re7', 're10', 're11']"
62936,1583,e1,"['re1', 're2', 're3', 're4']"
62976,1584,e5,"['re12', 're13']"
63016,1585,e6,"['re1', 're2', 're14']"
63056,1586,e1,"['re1', 're2', 're3', 're4']"
63096,1587,e5,"['re12', 're13']"
63136,1588,e7,"['re7', 're10', 're11']"
63176,1589,e1,"['re1', 're2', 're3', 're4']"
63216,1590,e3,"['re5', 're6', 're7', 're8', 're9']"
63256,1591,e1,"['re1', 're2', 're3', 're4']"
63296,1592,e1,"['re1', 're2', 're3', 're4']"
63336,1593,e3,"['re5', 're6', 're7', 're8', 're9']"
63376,1594,e2,"['re2', 're4', 're5']"
63416,1595,e4,"['re7', 're10', 're11']"
63456,1596,e7,"['re7', 're10', 're11']"
63496,1597,e4,"['re7', 're10', 're11']"
63536,1598,e3,"['re5', 're6', 're7', 're8', 're9']"
63576,1599,e4,"['re7', 're10', 're11']"
63616,1600,e2,"['re2', 're4', 're5']"
63656,1601,e7,"['re7', 're10', 're11']"
63696,1602,e4,"['re7', 're10', 're11']"
63736,1603,e4,"['re7', 're10', 're11']"
63776,1604,e4,"['re7', 're10', 're11']"
63816,1605,e7,"['re7', 're10', 're11']"
63856,1606,e3,"['re5', 're6', 're7', 're8', 're9']"
63896,1607,e5,"['re12', 're13']"
63936,1608,e7,"['re7', 're10', 're11']"
63976,1609,e5,"['re12', 're13']"
64016,1610,e5,"['re12', 're13']"
64056,1611,e6,"['re1', 're2', 're14']"
64096,1612,e3,"['re5', 're6', 're7', 're8', 're9']"
64136,1613,e1,"['re1', 're2', 're3', 're4']"
64176,1614,e3,"['re5', 're6', 're7', 're8', 're9']"
64216,1615,e4,"['re7', 're10', 're11']"
64256,1616,e7,"['re7', 're10', 're11']"
64296,1617,e5,"['re12', 're13']"
64336,1618,e2,"['re2', 're4', 're5']"
64376,1619,e1,"['re1', 're2', 're3', 're4']"
64416,1620,e4,"['re7', 're10', 're11']"
64456,1621,e7,"['re7', 're10', 're11']"
64496,1622,e5,"['re12', 're13']"
64536,1623,e7,"['re7', 're10', 're11']"
64576,1624,e2,"['re2', 're4', 're5']"
64616,1625,e7,"['re7', 're10', 're11']"
64656,1626,e6,"['re1', 're2', 're14']"
64696,1627,e5,"['re12', 're13']"
64736,1628,e3,"['re5', 're6', 're7', 're8', 're9']"
64776,1629,e5,"['re12', 're13']"
64816,1630,e5,"['re12', 're13']"
64856,1631,e3,"['re5', 're6', 're7', 're8', 're9']"
64896,1632,e2,"['re2', 're4', 're5']"
64936,1633,e4,"['re7', 're10', 're11']"
64976,1634,e3,"['re5', 're6', 're7', 're8', 're9']"
65016,1635,e6,"['re1', 're2', 're14']"
65056,1636,e6,"['re1', 're2', 're14']"
65096,1637,e7,"['re7', 're10', 're11']"
65136,1638,e4,"['re7', 're10', 're11']"
65176,1639,e6,"['re1', 're2', 're14']"
65216,1640,e4,"['re7', 're10', 're11']"
65256,1641,e1,"['re1', 're2', 're3', 're4']"
65296,1642,e4,"['re7', 're10', 're11']"
65336,1643,e6,"['re1', 're2', 're14']"
65376,1644,e1,"['re1', 're2', 're3', 're4']"
65416,1645,e7,"['re7', 're10', 're11']"
65456,1646,e1,"['re1', 're2', 're3', 're4']"
65496,1647,e1,"['re1', 're2', 're3', 're4']"
65536,1648,e3,"['re5', 're6', 're7', 're8', 're9']"
65576,1649,e5,"['re12', 're13']"
65616,1650,e1,"['re1', 're2', 're3', 're4']"
65656,1651,e4,"['re7', 're10', 're11']"
65696,1652,e7,"['re7', 're10', 're11']"
65736,1653,e2,"['re2', 're4', 're5']"
65776,1654,e7,"['re7', 're10', 're11']"
65816,1655,e1,"['re1', 're2', 're3', 're4']"
65856,1656,e7,"['re7', 're10', 're11']"
65896,1657,e5,"['re12', 're13']"
65936,1658,e3,"['re5', 're6', 're7', 're8', 're9']"
65976,1659,e2,"['re2', 're4', 're5']"
66016,1660,e1,"['re1', 're2', 're3', 're4']"
66056,1661,e6,"['re1', 're2', 're14']"
66096,1662,e2,"['re2', 're4', 're5']"
66136,1663,e1,"['re1', 're2', 're3', 're4']"
66176,1664,e5,"['re12', 're13']"
66216,1665,e1,"['re1', 're2', 're3', 're4']"
66256,1666,e3,"['re5', 're6', 're7', 're8', 're9']"
66296,1667,e1,"['re1', 're2', 're3', 're4']"
66336,1668,e1,"['re1', 're2', 're3', 're4']"
66376,1669,e6,"['re1', 're2', 're14']"
66416,1670,e6,"['re1', 're2', 're14']"
66456,1671,e5,"['re12', 're13']"
66496,1672,e3,"['re5', 're6', 're7', 're8', 're9']"
66536,1673,e7,"['re7', 're10', 're11']"
66576,1674,e3,"['re5', 're6', 're7', 're8', 're9']"
66616,1675,e5,"['re12', 're13']"
66656,1676,e6,"['re1', 're2', 're14']"
66696,1677,e7,"['re7', 're10', 're11']"
66736,1678,e5,"['re12', 're13']"
66776,1679,e5,"['re12', 're13']"
66816,1680,e7,"['re7', 're10', 're11']"
66856,1681,e2,"['re2', 're4', 're5']"
66896,1682,e5,"['re12', 're13']"
66936,1683,e7,"['re7', 're10', 're11']"
66976,1684,e6,"['re1', 're2', 're14']"
67016,1685,e3,"['re5', 're6', 're7', 're8', 're9']"
67056,1686,e6,"['re1', 're2', 're14']"
67096,1687,e5,"['re12', 're13']"
67136,1688,e5,"['re12', 're13']"
67176,1689,e2,"['re2', 're4', 're5']"
67216,1690,e2,"['re2', 're4', 're5']"
67256,1691,e7,"['re7', 're10', 're11']"
67296,1692,e2,"['re2', 're4', 're5']"
67336,1693,e1,"['re1', 're2', 're3', 're4']"
67376,1694,e2,"['re2', 're4', 're5']"
67416,1695,e3,"['re5', 're6', 're7', 're8', 're9']"
67456,1696,e6,"['re1', 're2', 're14']"
67496,1697,e7,"['re7', 're10', 're11']"
67536,1698,e3,"['re5', 're6', 're7', 're8', 're9']"
67576,1699,e2,"['re2', 're4', 're5']"
67616,1700,e6,"['re1', 're2', 're14']"
67656,1701,e5,"['re12', 're13']"
67696,1702,e5,"['re12', 're13']"
67736,1703,e6,"['re1', 're2', 're14']"
67776,1704,e5,"['re12', 're13']"
67816,1705,e2,"['re2', 're4', 're5']"
67856,1706,e1,"['re1', 're2', 're3', 're4']"
67896,1707,e7,"['re7', 're10', 're11']"
67936,1708,e6,"['re1', 're2', 're14']"
67976,1709,e3,"['re5', 're6', 're7', 're8', 're9']"
68016,1710,e5,"['re12', 're13']"
68056,1711,e1,"['re1', 're2', 're3', 're4']"
68096,1712,e1,"['re1', 're2', 're3', 're4']"
68136,1713,e7,"['re7', 're10', 're11']"
68176,1714,e2,"['re2', 're4', 're5']"
68216,1715,e3,"['re5', 're6', 're7', 're8', 're9']"
68256,1716,e5,"['re12', 're13']"
68296,1717,e7,"['re7', 're10', 're11']"
68336,1718,e7,"['re7', 're10', 're11']"
68376,1719,e6,"['re1', 're2', 're14']"
68416,1720,e5,"['re12', 're13']"
68456,1721,e4,"['re7', 're10', 're11']"
68496,1722,e1,"['re1', 're2', 're3', 're4']"
68536,1723,e3,"['re5', 're6', 're7', 're8', 're9']"
68576,1724,e3,"['re5', 're6', 're7', 're8', 're9']"
68616,1725,e3,"['re5', 're6', 're7', 're8', 're9']"
68656,1726,e1,"['re1', 're2', 're3', 're4']"
68696,1727,e5,"['re12', 're13']"
68736,1728,e3,"['re5', 're6', 're7', 're8', 're9']"
68776,1729,e3,"['re5', 're6', 're7', 're8', 're9']"
68816,1730,e1,"['re1', 're2', 're3', 're4']"
68856,1731,e6,"['re1', 're2', 're14']"
68896,1732,e4,"['re7', 're10', 're11']"
68936,1733,e5,"['re12', 're13']"
68976,1734,e7,"['re7', 're10', 're11']"
69016,1735,e2,"['re2', 're4', 're5']"
69056,1736,e6,"['re1', 're2', 're14']"
69096,1737,e5,"['re12', 're13']"
69136,1738,e4,"['re7', 're10', 're11']"
69176,1739,e2,"['re2', 're4', 're5']"
69216,1740,e1,"['re1', 're2', 're3', 're4']"
69256,1741,e3,"['re5', 're6', 're7', 're8', 're9']"
69296,1742,e1,"['re1', 're2', 're3', 're4']"
69336,1743,e7,"['re7', 're10', 're11']"
69376,1744,e5,"['re12', 're13']"
69416,1745,e5,"['re12', 're13']"
69456,1746,e6,"['re1', 're2', 're14']"
69496,1747,e6,"['re1', 're2', 're14']"
69536,1748,e6,"['re1', 're2', 're14']"
69576,1749,e6,"['re1', 're2', 're14']"
69616,1750,e1,"['re1', 're2', 're3', 're4']"
69656,1751,e2,"['re2', 're4', 're5']"
69696,1752,e4,"['re7', 're10', 're11']"
69736,1753,e5,"['re12', 're13']"
69776,1754,e4,"['re7', 're10', 're11']"
69816,1755,e3,"['re5', 're6', 're7', 're8', 're9']"
69856,1756,e1,"['re1', 're2', 're3', 're4']"
69896,1757,e5,"['re12', 're13']"
69936,1758,e5,"['re12', 're13']"
69976,1759,e2,"['re2', 're4', 're5']"
70016,1760,e6,"['re1', 're2', 're14']"
70056,1761,e2,"['re2', 're4', 're5']"
70096,1762,e3,"['re5', 're6', 're7', 're8', 're9']"
70136,1763,e5,"['re12', 're13']"
70176,1764,e3,"['re5', 're6', 're7', 're8', 're9']"
70216,1765,e1,"['re1', 're2', 're3', 're4']"
70256,1766,e4,"['re7', 're10', 're11']"
70296,1767,e6,"['re1', 're2', 're14']"
70336,1768,e3,"['re5', 're6', 're7', 're8', 're9']"
70376,1769,e7,"['re7', 're10', 're11']"
70416,1770,e2,"['re2', 're4', 're5']"
70456,1771,e4,"['re7', 're10', 're11']"
70496,1772,e2,"['re2', 're4', 're5']"
70536,1773,e4,"['re7', 're10', 're11']"
70576,1774,e1,"['re1', 're2', 're3', 're4']"
70616,1775,e6,"['re1', 're2', 're14']"
70656,1776,e4,"['re7', 're10', 're11']"
70696,1777,e5,"['re12', 're13']"
70736,1778,e6,"['re1', 're2', 're14']"
70776,1779,e5,"['re12', 're13']"
70816,1780,e7,"['re7', 're10', 're11']"
70856,1781,e2,"['re2', 're4', 're5']"
70896,1782,e4,"['re7', 're10', 're11']"
70936,1783,e5,"['re12', 're13']"
70976,1784,e7,"['re7', 're10', 're11']"
71016,1785,e2,"['re2', 're4', 're5']"
71056,1786,e5,"['re12', 're13']"
71096,1787,e7,"['re7', 're10', 're11']"
71136,1788,e3,"['re5', 're6', 're7', 're8', 're9']"
71176,1789,e3,"['re5', 're6', 're7', 're8', 're9']"
71216,1790,e3,"['re5', 're6', 're7', 're8', 're9']"
71256,1791,e6,"['re1', 're2', 're14']"
71296,1792,e4,"['re7', 're10', 're11']"
71336,1793,e7,"['re7', 're10', 're11']"
71376,1794,e3,"['re5', 're6', 're7', 're8', 're9']"
71416,1795,e6,"['re1', 're2', 're14']"
71456,1796,e4,"['re7', 're10', 're11']"
71496,1797,e2,"['re2', 're4', 're5']"
71536,1798,e3,"['re5', 're6', 're7', 're8', 're9']"
71576,1799,e4,"['re7', 're10', 're11']"
71616,1800,e6,"['re1', 're2', 're14']"
71656,1801,e2,"['re2', 're4', 're5']"
71696,1802,e7,"['re7', 're10', 're11']"
71736,1803,e6,"['re1', 're2', 're14']"
71776,1804,e3,"['re5', 're6', 're7', 're8', 're9']"
71816,1805,e2,"['re2', 're4', 're5']"
71856,1806,e2,"['re2', 're4', 're5']"
71896,1807,e6,"['re1', 're2', 're14']"
71936,1808,e5,"['re12', 're13']"
71976,1809,e6,"['re1', 're2', 're14']"
72016,1810,e1,"['re1', 're2', 're3', 're4']"
72056,1811,e4,"['re7', 're10', 're11']"
72096,1812,e6,"['re1', 're2', 're14']"
72136,1813,e5,"['re12', 're13']"
72176,1814,e2,"['re2', 're4', 're5']"
72216,1815,e4,"['re7', 're10', 're11']"
72256,1816,e1,"['re1', 're2', 're3', 're4']"
72296,1817,e6,"['re1', 're2', 're14']"
72336,1818,e1,"['re1', 're2', 're3', 're4']"
72376,1819,e6,"['re1', 're2', 're14']"
72416,1820,e1,"['re1', 're2', 're3', 're4']"
72456,1821,e6,"['re1', 're2', 're14']"
72496,1822,e2,"['re2', 're4', 're5']"
72536,1823,e6,"['re1', 're2', 're14']"
72576,1824,e3,"['re5', 're6', 're7', 're8', 're9']"
72616,1825,e6,"['re1', 're2', 're14']"
72656,1826,e4,"['re7', 're10', 're11']"
72696,1827,e4,"['re7', 're10', 're11']"
72736,1828,e2,"['re2', 're4', 're5']"
72776,1829,e3,"['re5', 're6', 're7', 're8', 're9']"
72816,1830,e4,"['re7', 're10', 're11']"
72856,1831,e5,"['re12', 're13']"
72896,1832,e6,"['re1', 're2', 're14']"
72936,1833,e4,"['re7', 're10', 're11']"
72976,1834,e3,"['re5', 're6', 're7', 're8', 're9']"
73016,1835,e4,"['re7', 're10', 're11']"
73056,1836,e2,"['re2', 're4', 're5']"
73096,1837,e2,"['re2', 're4', 're5']"
73136,1838,e3,"['re5', 're6', 're7', 're8', 're9']"
73176,1839,e5,"['re12', 're13']"
73216,1840,e4,"['re7', 're10', 're11']"
73256,1841,e6,"['re1', 're2', 're14']"
73296,1842,e2,"['re2', 're4', 're5']"
73336,1843,e6,"['re1', 're2', 're14']"
73376,1844,e2,"['re2', 're4', 're5']"
73416,1845,e1,"['re1', 're2', 're3', 're4']"
73456,1846,e5,"['re12', 're13']"
73496,1847,e3,"['re5', 're6', 're7', 're8', 're9']"
73536,1848,e7,"['re7', 're10', 're11']"
73576,1849,e4,"['re7', 're10', 're11']"
73616,1850,e3,"['re5', 're6', 're7', 're8', 're9']"
73656,1851,e3,"['re5', 're6', 're7', 're8', 're9']"
73696,1852,e6,"['re1', 're2', 're14']"
73736,1853,e2,"['re2', 're4', 're5']"
73776,1854,e6,"['re1', 're2', 're14']"
73816,1855,e6,"['re1', 're2', 're14']"
73856,1856,e2,"['re2', 're4', 're5']"
73896,1857,e4,"['re7', 're10', 're11']"
73936,1858,e1,"['re1', 're2', 're3', 're4']"
73976,1859,e4,"['re7', 're10', 're11']"
74016,1860,e7,"['re7', 're10', 're11']"
74056,1861,e3,"['re5', 're6', 're7', 're8', 're9']"
74096,1862,e5,"['re12', 're13']"
74136,1863,e4,"['re7', 're10', 're11']"
74176,1864,e7,"['re7', 're10', 're11']"
74216,1865,e5,"['re12', 're13']"
74256,1866,e1,"['re1', 're2', 're3', 're4']"
74296,1867,e2,"['re2', 're4', 're5']"
74336,1868,e2,"['re2', 're4', 're5']"
74376,1869,e3,"['re5', 're6', 're7', 're8', 're9']"
74416,1870,e4,"['re7', 're10', 're11']"
74456,1871,e7,"['re7', 're10', 're11']"
74496,1872,e6,"['re1', 're2', 're14']"
74536,1873,e3,"['re5', 're6', 're7', 're8', 're9']"
74576,1874,e2,"['re2', 're4', 're5']"
74616,1875,e4,"['re7', 're10', 're11']"
74656,1876,e5,"['re12', 're13']"
74696,1877,e2,"['re2', 're4', 're5']"
74736,1878,e4,"['re7', 're10', 're11']"
74776,1879,e3,"['re5', 're6', 're7', 're8', 're9']"
74816,1880,e3,"['re5', 're6', 're7', 're8', 're9']"
74856,1881,e7,"['re7', 're10', 're11']"
74896,1882,e4,"['re7', 're10', 're11']"
74936,1883,e4,"['re7', 're10', 're11']"
74976,1884,e5,"['re12', 're13']"
75016,1885,e1,"['re1', 're2', 're3', 're4']"
75056,1886,e2,"['re2', 're4', 're5']"
75096,1887,e7,"['re7', 're10', 're11']"
75136,1888,e4,"['re7', 're10', 're11']"
75176,1889,e3,"['re5', 're6', 're7', 're8', 're9']"
75216,1890,e7,"['re7', 're10', 're11']"
75256,1891,e5,"['re12', 're13']"
75296,1892,e5,"['re12', 're13']"
75336,1893,e3,"['re5', 're6', 're7', 're8', 're9']"
75376,1894,e6,"['re1', 're2', 're14']"
75416,1895,e5,"['re12', 're13']"
75456,1896,e3,"['re5', 're6', 're7', 're8', 're9']"
75496,1897,e2,"['re2', 're4', 're5']"
75536,1898,e6,"['re1', 're2', 're14']"
75576,1899,e4,"['re7', 're10', 're11']"
75616,1900,e3,"['re5', 're6', 're7', 're8', 're9']"
75656,1901,e1,"['re1', 're2', 're3', 're4']"
75696,1902,e6,"['re1', 're2', 're14']"
75736,1903,e2,"['re2', 're4', 're5']"
75776,1904,e3,"['re5', 're6', 're7', 're8', 're9']"
75816,1905,e2,"['re2', 're4', 're5']"
75856,1906,e3,"['re5', 're6', 're7', 're8', 're9']"
75896,1907,e5,"['re12', 're13']"
75936,1908,e7,"['re7', 're10', 're11']"
75976,1909,e6,"['re1', 're2', 're14']"
76016,1910,e3,"['re5', 're6', 're7', 're8', 're9']"
76056,1911,e1,"['re1', 're2', 're3', 're4']"
76096,1912,e3,"['re5', 're6', 're7', 're8', 're9']"
76136,1913,e7,"['re7', 're10', 're11']"
76176,1914,e6,"['re1', 're2', 're14']"
76216,1915,e5,"['re12', 're13']"
76256,1916,e2,"['re2', 're4', 're5']"
76296,1917,e5,"['re12', 're13']"
76336,1918,e3,"['re5', 're6', 're7', 're8', 're9']"
76376,1919,e4,"['re7', 're10', 're11']"
76416,1920,e6,"['re1', 're2', 're14']"
76456,1921,e5,"['re12', 're13']"
76496,1922,e6,"['re1', 're2', 're14']"
76536,1923,e3,"['re5', 're6', 're7', 're8', 're9']"
76576,1924,e6,"['re1', 're2', 're14']"
76616,1925,e2,"['re2', 're4', 're5']"
76656,1926,e2,"['re2', 're4', 're5']"
76696,1927,e5,"['re12', 're13']"
76736,1928,e7,"['re7', 're10', 're11']"
76776,1929,e7,"['re7', 're10', 're11']"
76816,1930,e2,"['re2', 're4', 're5']"
76856,1931,e1,"['re1', 're2', 're3', 're4']"
76896,1932,e4,"['re7', 're10', 're11']"
76936,1933,e4,"['re7', 're10', 're11']"
76976,1934,e2,"['re2', 're4', 're5']"
77016,1935,e6,"['re1', 're2', 're14']"
77056,1936,e3,"['re5', 're6', 're7', 're8', 're9']"
77096,1937,e2,"['re2', 're4', 're5']"
77136,1938,e6,"['re1', 're2', 're14']"
77176,1939,e7,"['re7', 're10', 're11']"
77216,1940,e2,"['re2', 're4', 're5']"
77256,1941,e2,"['re2', 're4', 're5']"
77296,1942,e5,"['re12', 're13']"
77336,1943,e2,"['re2', 're4', 're5']"
77376,1944,e5,"['re12', 're13']"
77416,1945,e5,"['re12', 're13']"
77456,1946,e1,"['re1', 're2', 're3', 're4']"
77496,1947,e3,"['re5', 're6', 're7', 're8', 're9']"
77536,1948,e3,"['re5', 're6', 're7', 're8', 're9']"
77576,1949,e5,"['re12', 're13']"
77616,1950,e1,"['re1', 're2', 're3', 're4']"
77656,1951,e2,"['re2', 're4', 're5']"
77696,1952,e6,"['re1', 're2', 're14']"
77736,1953,e1,"['re1', 're2', 're3', 're4']"
77776,1954,e4,"['re7', 're10', 're11']"
77816,1955,e2,"['re2', 're4', 're5']"
77856,1956,e7,"['re7', 're10', 're11']"
77896,1957,e3,"['re5', 're6', 're7', 're8', 're9']"
77936,1958,e7,"['re7', 're10', 're11']"
77976,1959,e4,"['re7', 're10', 're11']"
78016,1960,e6,"['re1', 're2', 're14']"
78056,1961,e6,"['re1', 're2', 're14']"
78096,1962,e1,"['re1', 're2', 're3', 're4']"
78136,1963,e2,"['re2', 're4', 're5']"
78176,1964,e5,"['re12', 're13']"
78216,1965,e6,"['re1', 're2', 're14']"
78256,1966,e1,"['re1', 're2', 're3', 're4']"
78294,1967,e6,"['re1', 're2', 're14']"
78330,1968,e6,"['re1', 're2', 're14']"
78370,1969,e2,"['re2', 're4', 're5']"
78410,1970,e4,"['re7', 're10', 're11']"
78450,1971,e3,"['re5', 're6', 're7', 're8', 're9']"
78490,1972,e3,"['re5', 're6', 're7', 're8', 're9']"
78530,1973,e4,"['re7', 're10', 're11']"
78570,1974,e1,"['re1', 're2', 're3', 're4']"
78608,1975,e3,"['re5', 're6', 're7', 're8', 're9']"
78648,1976,e2,"['re2', 're4', 're5']"
78688,1977,e2,"['re2', 're4', 're5']"
78728,1978,e5,"['re12', 're13']"
78768,1979,e6,"['re1', 're2', 're14']"
78808,1980,e1,"['re1', 're2', 're3', 're4']"
78844,1981,e3,"['re5', 're6', 're7', 're8', 're9']"
78884,1982,e7,"['re7', 're10', 're11']"
78922,1983,e7,"['re7', 're10', 're11']"
78962,1984,e1,"['re1', 're2', 're3', 're4']"
79002,1985,e7,"['re7', 're10', 're11']"
79040,1986,e7,"['re7', 're10', 're11']"
79076,1987,e2,"['re2', 're4', 're5']"
79116,1988,e3,"['re5', 're6', 're7', 're8', 're9']"
79154,1989,e4,"['re7', 're10', 're11']"
79192,1990,e5,"['re12', 're13']"
79232,1991,e7,"['re7', 're10', 're11']"
79272,1992,e7,"['re7', 're10', 're11']"
79312,1993,e5,"['re12', 're13']"
79352,1994,e6,"['re1', 're2', 're14']"
79392,1995,e7,"['re7', 're10', 're11']"
79430,1996,e5,"['re12', 're13']"
79470,1997,e1,"['re1', 're2', 're3', 're4']"
79510,1998,e1,"['re1', 're2', 're3', 're4']"
79550,1999,e6,"['re1', 're2', 're14']"
79590,2000,e1,"['re1', 're2', 're3', 're4']"
