case:concept:name;concept:team;concept:resources
Demanda 0001;e7;re7, re10, re11
Demanda 0002;e3;re5, re6, re7, re8, re9
Demanda 0003;e1;re1, re2, re3, re4
Demanda 0004;e1;re1, re2, re3, re4
Demanda 0005;e1;re1, re2, re3, re4
Demanda 0006;e6;re1, re2, re14
Demanda 0007;e7;re7, re10, re11
Demanda 0008;e7;re7, re10, re11
Demanda 0009;e2;re2, re4, re5
Demanda 0010;e3;re5, re6, re7, re8, re9
Demanda 0011;e1;re1, re2, re3, re4
Demanda 0012;e5;re12, re13
Demanda 0013;e2;re2, re4, re5
Demanda 0014;e7;re7, re10, re11
Demanda 0015;e4;re7, re10, re11
Demanda 0016;e6;re1, re2, re14
Demanda 0017;e7;re7, re10, re11
Demanda 0018;e3;re5, re6, re7, re8, re9
Demanda 0019;e7;re7, re10, re11
Demanda 0020;e4;re7, re10, re11
Demanda 0021;e6;re1, re2, re14
Demanda 0022;e3;re5, re6, re7, re8, re9
Demanda 0023;e6;re1, re2, re14
Demanda 0024;e2;re2, re4, re5
Demanda 0025;e4;re7, re10, re11
Demanda 0026;e5;re12, re13
Demanda 0027;e4;re7, re10, re11
Demanda 0028;e7;re7, re10, re11
Demanda 0029;e2;re2, re4, re5
Demanda 0030;e2;re2, re4, re5
Demanda 0031;e6;re1, re2, re14
Demanda 0032;e4;re7, re10, re11
Demanda 0033;e1;re1, re2, re3, re4
Demanda 0034;e1;re1, re2, re3, re4
Demanda 0035;e6;re1, re2, re14
Demanda 0036;e1;re1, re2, re3, re4
Demanda 0037;e7;re7, re10, re11
Demanda 0038;e3;re5, re6, re7, re8, re9
Demanda 0039;e3;re5, re6, re7, re8, re9
Demanda 0040;e7;re7, re10, re11
Demanda 0041;e5;re12, re13
Demanda 0042;e4;re7, re10, re11
Demanda 0043;e1;re1, re2, re3, re4
Demanda 0044;e6;re1, re2, re14
Demanda 0045;e3;re5, re6, re7, re8, re9
Demanda 0046;e4;re7, re10, re11
Demanda 0047;e2;re2, re4, re5
Demanda 0048;e5;re12, re13
Demanda 0049;e1;re1, re2, re3, re4
Demanda 0050;e4;re7, re10, re11
Demanda 0051;e5;re12, re13
Demanda 0052;e5;re12, re13
Demanda 0053;e2;re2, re4, re5
Demanda 0054;e3;re5, re6, re7, re8, re9
Demanda 0055;e1;re1, re2, re3, re4
Demanda 0056;e6;re1, re2, re14
Demanda 0057;e5;re12, re13
Demanda 0058;e7;re7, re10, re11
Demanda 0059;e6;re1, re2, re14
Demanda 0060;e7;re7, re10, re11
Demanda 0061;e6;re1, re2, re14
Demanda 0062;e5;re12, re13
Demanda 0063;e4;re7, re10, re11
Demanda 0064;e4;re7, re10, re11
Demanda 0065;e6;re1, re2, re14
Demanda 0066;e4;re7, re10, re11
Demanda 0067;e6;re1, re2, re14
Demanda 0068;e5;re12, re13
Demanda 0069;e7;re7, re10, re11
Demanda 0070;e1;re1, re2, re3, re4
Demanda 0071;e6;re1, re2, re14
Demanda 0072;e7;re7, re10, re11
Demanda 0073;e7;re7, re10, re11
Demanda 0074;e6;re1, re2, re14
Demanda 0075;e3;re5, re6, re7, re8, re9
Demanda 0076;e3;re5, re6, re7, re8, re9
Demanda 0077;e2;re2, re4, re5
Demanda 0078;e6;re1, re2, re14
Demanda 0079;e7;re7, re10, re11
Demanda 0080;e2;re2, re4, re5
Demanda 0081;e3;re5, re6, re7, re8, re9
Demanda 0082;e7;re7, re10, re11
Demanda 0083;e5;re12, re13
Demanda 0084;e6;re1, re2, re14
Demanda 0085;e7;re7, re10, re11
Demanda 0086;e4;re7, re10, re11
Demanda 0087;e5;re12, re13
Demanda 0088;e3;re5, re6, re7, re8, re9
Demanda 0089;e4;re7, re10, re11
Demanda 0090;e7;re7, re10, re11
Demanda 0091;e7;re7, re10, re11
Demanda 0092;e4;re7, re10, re11
Demanda 0093;e3;re5, re6, re7, re8, re9
Demanda 0094;e5;re12, re13
Demanda 0095;e4;re7, re10, re11
Demanda 0096;e3;re5, re6, re7, re8, re9
Demanda 0097;e2;re2, re4, re5
Demanda 0098;e3;re5, re6, re7, re8, re9
Demanda 0099;e6;re1, re2, re14
Demanda 0100;e7;re7, re10, re11
Demanda 0101;e6;re1, re2, re14
Demanda 0102;e7;re7, re10, re11
Demanda 0103;e1;re1, re2, re3, re4
Demanda 0104;e3;re5, re6, re7, re8, re9
Demanda 0105;e2;re2, re4, re5
Demanda 0106;e4;re7, re10, re11
Demanda 0107;e7;re7, re10, re11
Demanda 0108;e3;re5, re6, re7, re8, re9
Demanda 0109;e4;re7, re10, re11
Demanda 0110;e3;re5, re6, re7, re8, re9
Demanda 0111;e5;re12, re13
Demanda 0112;e3;re5, re6, re7, re8, re9
Demanda 0113;e2;re2, re4, re5
Demanda 0114;e3;re5, re6, re7, re8, re9
Demanda 0115;e1;re1, re2, re3, re4
Demanda 0116;e4;re7, re10, re11
Demanda 0117;e5;re12, re13
Demanda 0118;e4;re7, re10, re11
Demanda 0119;e5;re12, re13
Demanda 0120;e7;re7, re10, re11
Demanda 0121;e1;re1, re2, re3, re4
Demanda 0122;e3;re5, re6, re7, re8, re9
Demanda 0123;e2;re2, re4, re5
Demanda 0124;e6;re1, re2, re14
Demanda 0125;e2;re2, re4, re5
Demanda 0126;e3;re5, re6, re7, re8, re9
Demanda 0127;e5;re12, re13
Demanda 0128;e2;re2, re4, re5
Demanda 0129;e2;re2, re4, re5
Demanda 0130;e1;re1, re2, re3, re4
Demanda 0131;e4;re7, re10, re11
Demanda 0132;e5;re12, re13
Demanda 0133;e3;re5, re6, re7, re8, re9
Demanda 0134;e2;re2, re4, re5
Demanda 0135;e4;re7, re10, re11
Demanda 0136;e2;re2, re4, re5
Demanda 0137;e3;re5, re6, re7, re8, re9
Demanda 0138;e7;re7, re10, re11
Demanda 0139;e4;re7, re10, re11
Demanda 0140;e5;re12, re13
Demanda 0141;e2;re2, re4, re5
Demanda 0142;e5;re12, re13
Demanda 0143;e5;re12, re13
Demanda 0144;e2;re2, re4, re5
Demanda 0145;e3;re5, re6, re7, re8, re9
Demanda 0146;e2;re2, re4, re5
Demanda 0147;e2;re2, re4, re5
Demanda 0148;e1;re1, re2, re3, re4
Demanda 0149;e6;re1, re2, re14
Demanda 0150;e2;re2, re4, re5
Demanda 0151;e6;re1, re2, re14
Demanda 0152;e1;re1, re2, re3, re4
Demanda 0153;e6;re1, re2, re14
Demanda 0154;e4;re7, re10, re11
Demanda 0155;e2;re2, re4, re5
Demanda 0156;e6;re1, re2, re14
Demanda 0157;e4;re7, re10, re11
Demanda 0158;e4;re7, re10, re11
Demanda 0159;e6;re1, re2, re14
Demanda 0160;e7;re7, re10, re11
Demanda 0161;e5;re12, re13
Demanda 0162;e2;re2, re4, re5
Demanda 0163;e6;re1, re2, re14
Demanda 0164;e5;re12, re13
Demanda 0165;e7;re7, re10, re11
Demanda 0166;e3;re5, re6, re7, re8, re9
Demanda 0167;e7;re7, re10, re11
Demanda 0168;e7;re7, re10, re11
Demanda 0169;e1;re1, re2, re3, re4
Demanda 0170;e2;re2, re4, re5
Demanda 0171;e3;re5, re6, re7, re8, re9
Demanda 0172;e7;re7, re10, re11
Demanda 0173;e2;re2, re4, re5
Demanda 0174;e4;re7, re10, re11
Demanda 0175;e6;re1, re2, re14
Demanda 0176;e2;re2, re4, re5
Demanda 0177;e4;re7, re10, re11
Demanda 0178;e4;re7, re10, re11
Demanda 0179;e7;re7, re10, re11
Demanda 0180;e4;re7, re10, re11
Demanda 0181;e6;re1, re2, re14
Demanda 0182;e6;re1, re2, re14
Demanda 0183;e4;re7, re10, re11
Demanda 0184;e4;re7, re10, re11
Demanda 0185;e4;re7, re10, re11
Demanda 0186;e5;re12, re13
Demanda 0187;e3;re5, re6, re7, re8, re9
Demanda 0188;e4;re7, re10, re11
Demanda 0189;e6;re1, re2, re14
Demanda 0190;e2;re2, re4, re5
Demanda 0191;e6;re1, re2, re14
Demanda 0192;e3;re5, re6, re7, re8, re9
Demanda 0193;e1;re1, re2, re3, re4
Demanda 0194;e6;re1, re2, re14
Demanda 0195;e5;re12, re13
Demanda 0196;e5;re12, re13
Demanda 0197;e4;re7, re10, re11
Demanda 0198;e3;re5, re6, re7, re8, re9
Demanda 0199;e4;re7, re10, re11
Demanda 0200;e1;re1, re2, re3, re4
Demanda 0201;e5;re12, re13
Demanda 0202;e2;re2, re4, re5
Demanda 0203;e1;re1, re2, re3, re4
Demanda 0204;e2;re2, re4, re5
Demanda 0205;e5;re12, re13
Demanda 0206;e1;re1, re2, re3, re4
Demanda 0207;e2;re2, re4, re5
Demanda 0208;e1;re1, re2, re3, re4
Demanda 0209;e4;re7, re10, re11
Demanda 0210;e6;re1, re2, re14
Demanda 0211;e7;re7, re10, re11
Demanda 0212;e5;re12, re13
Demanda 0213;e4;re7, re10, re11
Demanda 0214;e6;re1, re2, re14
Demanda 0215;e4;re7, re10, re11
Demanda 0216;e4;re7, re10, re11
Demanda 0217;e5;re12, re13
Demanda 0218;e5;re12, re13
Demanda 0219;e1;re1, re2, re3, re4
Demanda 0220;e7;re7, re10, re11
Demanda 0221;e5;re12, re13
Demanda 0222;e3;re5, re6, re7, re8, re9
Demanda 0223;e2;re2, re4, re5
Demanda 0224;e5;re12, re13
Demanda 0225;e2;re2, re4, re5
Demanda 0226;e3;re5, re6, re7, re8, re9
Demanda 0227;e5;re12, re13
Demanda 0228;e4;re7, re10, re11
Demanda 0229;e4;re7, re10, re11
Demanda 0230;e6;re1, re2, re14
Demanda 0231;e1;re1, re2, re3, re4
Demanda 0232;e2;re2, re4, re5
Demanda 0233;e6;re1, re2, re14
Demanda 0234;e2;re2, re4, re5
Demanda 0235;e5;re12, re13
Demanda 0236;e4;re7, re10, re11
Demanda 0237;e7;re7, re10, re11
Demanda 0238;e5;re12, re13
Demanda 0239;e5;re12, re13
Demanda 0240;e6;re1, re2, re14
Demanda 0241;e6;re1, re2, re14
Demanda 0242;e3;re5, re6, re7, re8, re9
Demanda 0243;e2;re2, re4, re5
Demanda 0244;e2;re2, re4, re5
Demanda 0245;e6;re1, re2, re14
Demanda 0246;e7;re7, re10, re11
Demanda 0247;e3;re5, re6, re7, re8, re9
Demanda 0248;e3;re5, re6, re7, re8, re9
Demanda 0249;e6;re1, re2, re14
Demanda 0250;e3;re5, re6, re7, re8, re9
Demanda 0251;e6;re1, re2, re14
Demanda 0252;e7;re7, re10, re11
Demanda 0253;e6;re1, re2, re14
Demanda 0254;e2;re2, re4, re5
Demanda 0255;e3;re5, re6, re7, re8, re9
Demanda 0256;e1;re1, re2, re3, re4
Demanda 0257;e3;re5, re6, re7, re8, re9
Demanda 0258;e1;re1, re2, re3, re4
Demanda 0259;e1;re1, re2, re3, re4
Demanda 0260;e1;re1, re2, re3, re4
Demanda 0261;e2;re2, re4, re5
Demanda 0262;e2;re2, re4, re5
Demanda 0263;e6;re1, re2, re14
Demanda 0264;e2;re2, re4, re5
Demanda 0265;e6;re1, re2, re14
Demanda 0266;e3;re5, re6, re7, re8, re9
Demanda 0267;e7;re7, re10, re11
Demanda 0268;e5;re12, re13
Demanda 0269;e5;re12, re13
Demanda 0270;e5;re12, re13
Demanda 0271;e2;re2, re4, re5
Demanda 0272;e2;re2, re4, re5
Demanda 0273;e1;re1, re2, re3, re4
Demanda 0274;e7;re7, re10, re11
Demanda 0275;e5;re12, re13
Demanda 0276;e7;re7, re10, re11
Demanda 0277;e6;re1, re2, re14
Demanda 0278;e7;re7, re10, re11
Demanda 0279;e6;re1, re2, re14
Demanda 0280;e1;re1, re2, re3, re4
Demanda 0281;e6;re1, re2, re14
Demanda 0282;e1;re1, re2, re3, re4
Demanda 0283;e7;re7, re10, re11
Demanda 0284;e1;re1, re2, re3, re4
Demanda 0285;e5;re12, re13
Demanda 0286;e4;re7, re10, re11
Demanda 0287;e7;re7, re10, re11
Demanda 0288;e1;re1, re2, re3, re4
Demanda 0289;e6;re1, re2, re14
Demanda 0290;e2;re2, re4, re5
Demanda 0291;e7;re7, re10, re11
Demanda 0292;e2;re2, re4, re5
Demanda 0293;e7;re7, re10, re11
Demanda 0294;e3;re5, re6, re7, re8, re9
Demanda 0295;e3;re5, re6, re7, re8, re9
Demanda 0296;e3;re5, re6, re7, re8, re9
Demanda 0297;e4;re7, re10, re11
Demanda 0298;e5;re12, re13
Demanda 0299;e3;re5, re6, re7, re8, re9
Demanda 0300;e3;re5, re6, re7, re8, re9
Demanda 0301;e6;re1, re2, re14
Demanda 0302;e7;re7, re10, re11
Demanda 0303;e4;re7, re10, re11
Demanda 0304;e7;re7, re10, re11
Demanda 0305;e3;re5, re6, re7, re8, re9
Demanda 0306;e7;re7, re10, re11
Demanda 0307;e5;re12, re13
Demanda 0308;e7;re7, re10, re11
Demanda 0309;e5;re12, re13
Demanda 0310;e7;re7, re10, re11
Demanda 0311;e7;re7, re10, re11
Demanda 0312;e4;re7, re10, re11
Demanda 0313;e7;re7, re10, re11
Demanda 0314;e4;re7, re10, re11
Demanda 0315;e2;re2, re4, re5
Demanda 0316;e7;re7, re10, re11
Demanda 0317;e5;re12, re13
Demanda 0318;e7;re7, re10, re11
Demanda 0319;e1;re1, re2, re3, re4
Demanda 0320;e7;re7, re10, re11
Demanda 0321;e3;re5, re6, re7, re8, re9
Demanda 0322;e3;re5, re6, re7, re8, re9
Demanda 0323;e4;re7, re10, re11
Demanda 0324;e3;re5, re6, re7, re8, re9
Demanda 0325;e6;re1, re2, re14
Demanda 0326;e3;re5, re6, re7, re8, re9
Demanda 0327;e4;re7, re10, re11
Demanda 0328;e4;re7, re10, re11
Demanda 0329;e6;re1, re2, re14
Demanda 0330;e6;re1, re2, re14
Demanda 0331;e7;re7, re10, re11
Demanda 0332;e3;re5, re6, re7, re8, re9
Demanda 0333;e2;re2, re4, re5
Demanda 0334;e6;re1, re2, re14
Demanda 0335;e7;re7, re10, re11
Demanda 0336;e6;re1, re2, re14
Demanda 0337;e3;re5, re6, re7, re8, re9
Demanda 0338;e2;re2, re4, re5
Demanda 0339;e1;re1, re2, re3, re4
Demanda 0340;e1;re1, re2, re3, re4
Demanda 0341;e1;re1, re2, re3, re4
Demanda 0342;e6;re1, re2, re14
Demanda 0343;e7;re7, re10, re11
Demanda 0344;e1;re1, re2, re3, re4
Demanda 0345;e7;re7, re10, re11
Demanda 0346;e7;re7, re10, re11
Demanda 0347;e3;re5, re6, re7, re8, re9
Demanda 0348;e1;re1, re2, re3, re4
Demanda 0349;e3;re5, re6, re7, re8, re9
Demanda 0350;e6;re1, re2, re14
Demanda 0351;e6;re1, re2, re14
Demanda 0352;e4;re7, re10, re11
Demanda 0353;e5;re12, re13
Demanda 0354;e6;re1, re2, re14
Demanda 0355;e2;re2, re4, re5
Demanda 0356;e2;re2, re4, re5
Demanda 0357;e4;re7, re10, re11
Demanda 0358;e3;re5, re6, re7, re8, re9
Demanda 0359;e6;re1, re2, re14
Demanda 0360;e7;re7, re10, re11
Demanda 0361;e7;re7, re10, re11
Demanda 0362;e5;re12, re13
Demanda 0363;e7;re7, re10, re11
Demanda 0364;e6;re1, re2, re14
Demanda 0365;e5;re12, re13
Demanda 0366;e7;re7, re10, re11
Demanda 0367;e5;re12, re13
Demanda 0368;e2;re2, re4, re5
Demanda 0369;e4;re7, re10, re11
Demanda 0370;e4;re7, re10, re11
Demanda 0371;e4;re7, re10, re11
Demanda 0372;e4;re7, re10, re11
Demanda 0373;e1;re1, re2, re3, re4
Demanda 0374;e6;re1, re2, re14
Demanda 0375;e1;re1, re2, re3, re4
Demanda 0376;e7;re7, re10, re11
Demanda 0377;e2;re2, re4, re5
Demanda 0378;e2;re2, re4, re5
Demanda 0379;e4;re7, re10, re11
Demanda 0380;e6;re1, re2, re14
Demanda 0381;e1;re1, re2, re3, re4
Demanda 0382;e2;re2, re4, re5
Demanda 0383;e7;re7, re10, re11
Demanda 0384;e2;re2, re4, re5
Demanda 0385;e6;re1, re2, re14
Demanda 0386;e4;re7, re10, re11
Demanda 0387;e7;re7, re10, re11
Demanda 0388;e1;re1, re2, re3, re4
Demanda 0389;e1;re1, re2, re3, re4
Demanda 0390;e4;re7, re10, re11
Demanda 0391;e5;re12, re13
Demanda 0392;e6;re1, re2, re14
Demanda 0393;e7;re7, re10, re11
Demanda 0394;e6;re1, re2, re14
Demanda 0395;e3;re5, re6, re7, re8, re9
Demanda 0396;e1;re1, re2, re3, re4
Demanda 0397;e4;re7, re10, re11
Demanda 0398;e3;re5, re6, re7, re8, re9
Demanda 0399;e7;re7, re10, re11
Demanda 0400;e5;re12, re13
Demanda 0401;e3;re5, re6, re7, re8, re9
Demanda 0402;e1;re1, re2, re3, re4
Demanda 0403;e3;re5, re6, re7, re8, re9
Demanda 0404;e4;re7, re10, re11
Demanda 0405;e6;re1, re2, re14
Demanda 0406;e2;re2, re4, re5
Demanda 0407;e3;re5, re6, re7, re8, re9
Demanda 0408;e7;re7, re10, re11
Demanda 0409;e6;re1, re2, re14
Demanda 0410;e4;re7, re10, re11
Demanda 0411;e2;re2, re4, re5
Demanda 0412;e5;re12, re13
Demanda 0413;e3;re5, re6, re7, re8, re9
Demanda 0414;e3;re5, re6, re7, re8, re9
Demanda 0415;e2;re2, re4, re5
Demanda 0416;e5;re12, re13
Demanda 0417;e4;re7, re10, re11
Demanda 0418;e2;re2, re4, re5
Demanda 0419;e5;re12, re13
Demanda 0420;e1;re1, re2, re3, re4
Demanda 0421;e5;re12, re13
Demanda 0422;e3;re5, re6, re7, re8, re9
Demanda 0423;e1;re1, re2, re3, re4
Demanda 0424;e7;re7, re10, re11
Demanda 0425;e5;re12, re13
Demanda 0426;e2;re2, re4, re5
Demanda 0427;e2;re2, re4, re5
Demanda 0428;e2;re2, re4, re5
Demanda 0429;e5;re12, re13
Demanda 0430;e6;re1, re2, re14
Demanda 0431;e5;re12, re13
Demanda 0432;e3;re5, re6, re7, re8, re9
Demanda 0433;e6;re1, re2, re14
Demanda 0434;e3;re5, re6, re7, re8, re9
Demanda 0435;e6;re1, re2, re14
Demanda 0436;e4;re7, re10, re11
Demanda 0437;e2;re2, re4, re5
Demanda 0438;e6;re1, re2, re14
Demanda 0439;e6;re1, re2, re14
Demanda 0440;e3;re5, re6, re7, re8, re9
Demanda 0441;e3;re5, re6, re7, re8, re9
Demanda 0442;e3;re5, re6, re7, re8, re9
Demanda 0443;e4;re7, re10, re11
Demanda 0444;e2;re2, re4, re5
Demanda 0445;e3;re5, re6, re7, re8, re9
Demanda 0446;e6;re1, re2, re14
Demanda 0447;e2;re2, re4, re5
Demanda 0448;e1;re1, re2, re3, re4
Demanda 0449;e6;re1, re2, re14
Demanda 0450;e4;re7, re10, re11
Demanda 0451;e4;re7, re10, re11
Demanda 0452;e6;re1, re2, re14
Demanda 0453;e7;re7, re10, re11
Demanda 0454;e3;re5, re6, re7, re8, re9
Demanda 0455;e2;re2, re4, re5
Demanda 0456;e1;re1, re2, re3, re4
Demanda 0457;e2;re2, re4, re5
Demanda 0458;e5;re12, re13
Demanda 0459;e2;re2, re4, re5
Demanda 0460;e1;re1, re2, re3, re4
Demanda 0461;e6;re1, re2, re14
Demanda 0462;e1;re1, re2, re3, re4
Demanda 0463;e7;re7, re10, re11
Demanda 0464;e2;re2, re4, re5
Demanda 0465;e3;re5, re6, re7, re8, re9
Demanda 0466;e6;re1, re2, re14
Demanda 0467;e4;re7, re10, re11
Demanda 0468;e5;re12, re13
Demanda 0469;e4;re7, re10, re11
Demanda 0470;e4;re7, re10, re11
Demanda 0471;e5;re12, re13
Demanda 0472;e7;re7, re10, re11
Demanda 0473;e3;re5, re6, re7, re8, re9
Demanda 0474;e1;re1, re2, re3, re4
Demanda 0475;e1;re1, re2, re3, re4
Demanda 0476;e1;re1, re2, re3, re4
Demanda 0477;e5;re12, re13
Demanda 0478;e6;re1, re2, re14
Demanda 0479;e3;re5, re6, re7, re8, re9
Demanda 0480;e6;re1, re2, re14
Demanda 0481;e3;re5, re6, re7, re8, re9
Demanda 0482;e4;re7, re10, re11
Demanda 0483;e3;re5, re6, re7, re8, re9
Demanda 0484;e2;re2, re4, re5
Demanda 0485;e3;re5, re6, re7, re8, re9
Demanda 0486;e7;re7, re10, re11
Demanda 0487;e5;re12, re13
Demanda 0488;e5;re12, re13
Demanda 0489;e3;re5, re6, re7, re8, re9
Demanda 0490;e6;re1, re2, re14
Demanda 0491;e7;re7, re10, re11
Demanda 0492;e5;re12, re13
Demanda 0493;e3;re5, re6, re7, re8, re9
Demanda 0494;e4;re7, re10, re11
Demanda 0495;e2;re2, re4, re5
Demanda 0496;e5;re12, re13
Demanda 0497;e4;re7, re10, re11
Demanda 0498;e3;re5, re6, re7, re8, re9
Demanda 0499;e7;re7, re10, re11
Demanda 0500;e2;re2, re4, re5
Demanda 0501;e7;re7, re10, re11
Demanda 0502;e4;re7, re10, re11
Demanda 0503;e7;re7, re10, re11
Demanda 0504;e2;re2, re4, re5
Demanda 0505;e1;re1, re2, re3, re4
Demanda 0506;e5;re12, re13
Demanda 0507;e2;re2, re4, re5
Demanda 0508;e2;re2, re4, re5
Demanda 0509;e2;re2, re4, re5
Demanda 0510;e3;re5, re6, re7, re8, re9
Demanda 0511;e2;re2, re4, re5
Demanda 0512;e5;re12, re13
Demanda 0513;e2;re2, re4, re5
Demanda 0514;e2;re2, re4, re5
Demanda 0515;e5;re12, re13
Demanda 0516;e7;re7, re10, re11
Demanda 0517;e7;re7, re10, re11
Demanda 0518;e4;re7, re10, re11
Demanda 0519;e7;re7, re10, re11
Demanda 0520;e5;re12, re13
Demanda 0521;e5;re12, re13
Demanda 0522;e1;re1, re2, re3, re4
Demanda 0523;e4;re7, re10, re11
Demanda 0524;e7;re7, re10, re11
Demanda 0525;e1;re1, re2, re3, re4
Demanda 0526;e7;re7, re10, re11
Demanda 0527;e7;re7, re10, re11
Demanda 0528;e5;re12, re13
Demanda 0529;e5;re12, re13
Demanda 0530;e6;re1, re2, re14
Demanda 0531;e3;re5, re6, re7, re8, re9
Demanda 0532;e3;re5, re6, re7, re8, re9
Demanda 0533;e1;re1, re2, re3, re4
Demanda 0534;e3;re5, re6, re7, re8, re9
Demanda 0535;e6;re1, re2, re14
Demanda 0536;e2;re2, re4, re5
Demanda 0537;e1;re1, re2, re3, re4
Demanda 0538;e2;re2, re4, re5
Demanda 0539;e6;re1, re2, re14
Demanda 0540;e2;re2, re4, re5
Demanda 0541;e4;re7, re10, re11
Demanda 0542;e2;re2, re4, re5
Demanda 0543;e7;re7, re10, re11
Demanda 0544;e6;re1, re2, re14
Demanda 0545;e2;re2, re4, re5
Demanda 0546;e2;re2, re4, re5
Demanda 0547;e2;re2, re4, re5
Demanda 0548;e3;re5, re6, re7, re8, re9
Demanda 0549;e3;re5, re6, re7, re8, re9
Demanda 0550;e5;re12, re13
Demanda 0551;e3;re5, re6, re7, re8, re9
Demanda 0552;e1;re1, re2, re3, re4
Demanda 0553;e6;re1, re2, re14
Demanda 0554;e1;re1, re2, re3, re4
Demanda 0555;e4;re7, re10, re11
Demanda 0556;e7;re7, re10, re11
Demanda 0557;e3;re5, re6, re7, re8, re9
Demanda 0558;e5;re12, re13
Demanda 0559;e5;re12, re13
Demanda 0560;e7;re7, re10, re11
Demanda 0561;e6;re1, re2, re14
Demanda 0562;e2;re2, re4, re5
Demanda 0563;e2;re2, re4, re5
Demanda 0564;e3;re5, re6, re7, re8, re9
Demanda 0565;e5;re12, re13
Demanda 0566;e6;re1, re2, re14
Demanda 0567;e5;re12, re13
Demanda 0568;e4;re7, re10, re11
Demanda 0569;e6;re1, re2, re14
Demanda 0570;e4;re7, re10, re11
Demanda 0571;e7;re7, re10, re11
Demanda 0572;e6;re1, re2, re14
Demanda 0573;e3;re5, re6, re7, re8, re9
Demanda 0574;e2;re2, re4, re5
Demanda 0575;e2;re2, re4, re5
Demanda 0576;e6;re1, re2, re14
Demanda 0577;e4;re7, re10, re11
Demanda 0578;e2;re2, re4, re5
Demanda 0579;e3;re5, re6, re7, re8, re9
Demanda 0580;e5;re12, re13
Demanda 0581;e4;re7, re10, re11
Demanda 0582;e3;re5, re6, re7, re8, re9
Demanda 0583;e6;re1, re2, re14
Demanda 0584;e1;re1, re2, re3, re4
Demanda 0585;e1;re1, re2, re3, re4
Demanda 0586;e3;re5, re6, re7, re8, re9
Demanda 0587;e5;re12, re13
Demanda 0588;e1;re1, re2, re3, re4
Demanda 0589;e7;re7, re10, re11
Demanda 0590;e7;re7, re10, re11
Demanda 0591;e5;re12, re13
Demanda 0592;e4;re7, re10, re11
Demanda 0593;e5;re12, re13
Demanda 0594;e5;re12, re13
Demanda 0595;e7;re7, re10, re11
Demanda 0596;e1;re1, re2, re3, re4
Demanda 0597;e5;re12, re13
Demanda 0598;e2;re2, re4, re5
Demanda 0599;e4;re7, re10, re11
Demanda 0600;e2;re2, re4, re5
Demanda 0601;e2;re2, re4, re5
Demanda 0602;e4;re7, re10, re11
Demanda 0603;e7;re7, re10, re11
Demanda 0604;e7;re7, re10, re11
Demanda 0605;e6;re1, re2, re14
Demanda 0606;e6;re1, re2, re14
Demanda 0607;e6;re1, re2, re14
Demanda 0608;e2;re2, re4, re5
Demanda 0609;e2;re2, re4, re5
Demanda 0610;e1;re1, re2, re3, re4
Demanda 0611;e2;re2, re4, re5
Demanda 0612;e4;re7, re10, re11
Demanda 0613;e7;re7, re10, re11
Demanda 0614;e2;re2, re4, re5
Demanda 0615;e1;re1, re2, re3, re4
Demanda 0616;e6;re1, re2, re14
Demanda 0617;e6;re1, re2, re14
Demanda 0618;e5;re12, re13
Demanda 0619;e7;re7, re10, re11
Demanda 0620;e6;re1, re2, re14
Demanda 0621;e6;re1, re2, re14
Demanda 0622;e5;re12, re13
Demanda 0623;e3;re5, re6, re7, re8, re9
Demanda 0624;e1;re1, re2, re3, re4
Demanda 0625;e3;re5, re6, re7, re8, re9
Demanda 0626;e4;re7, re10, re11
Demanda 0627;e7;re7, re10, re11
Demanda 0628;e6;re1, re2, re14
Demanda 0629;e5;re12, re13
Demanda 0630;e3;re5, re6, re7, re8, re9
Demanda 0631;e4;re7, re10, re11
Demanda 0632;e1;re1, re2, re3, re4
Demanda 0633;e1;re1, re2, re3, re4
Demanda 0634;e6;re1, re2, re14
Demanda 0635;e7;re7, re10, re11
Demanda 0636;e3;re5, re6, re7, re8, re9
Demanda 0637;e3;re5, re6, re7, re8, re9
Demanda 0638;e7;re7, re10, re11
Demanda 0639;e7;re7, re10, re11
Demanda 0640;e5;re12, re13
Demanda 0641;e7;re7, re10, re11
Demanda 0642;e1;re1, re2, re3, re4
Demanda 0643;e2;re2, re4, re5
Demanda 0644;e2;re2, re4, re5
Demanda 0645;e2;re2, re4, re5
Demanda 0646;e5;re12, re13
Demanda 0647;e5;re12, re13
Demanda 0648;e1;re1, re2, re3, re4
Demanda 0649;e6;re1, re2, re14
Demanda 0650;e1;re1, re2, re3, re4
Demanda 0651;e6;re1, re2, re14
Demanda 0652;e7;re7, re10, re11
Demanda 0653;e3;re5, re6, re7, re8, re9
Demanda 0654;e6;re1, re2, re14
Demanda 0655;e2;re2, re4, re5
Demanda 0656;e2;re2, re4, re5
Demanda 0657;e7;re7, re10, re11
Demanda 0658;e1;re1, re2, re3, re4
Demanda 0659;e7;re7, re10, re11
Demanda 0660;e5;re12, re13
Demanda 0661;e2;re2, re4, re5
Demanda 0662;e2;re2, re4, re5
Demanda 0663;e4;re7, re10, re11
Demanda 0664;e3;re5, re6, re7, re8, re9
Demanda 0665;e3;re5, re6, re7, re8, re9
Demanda 0666;e5;re12, re13
Demanda 0667;e1;re1, re2, re3, re4
Demanda 0668;e6;re1, re2, re14
Demanda 0669;e6;re1, re2, re14
Demanda 0670;e4;re7, re10, re11
Demanda 0671;e1;re1, re2, re3, re4
Demanda 0672;e2;re2, re4, re5
Demanda 0673;e6;re1, re2, re14
Demanda 0674;e1;re1, re2, re3, re4
Demanda 0675;e1;re1, re2, re3, re4
Demanda 0676;e2;re2, re4, re5
Demanda 0677;e3;re5, re6, re7, re8, re9
Demanda 0678;e6;re1, re2, re14
Demanda 0679;e6;re1, re2, re14
Demanda 0680;e5;re12, re13
Demanda 0681;e4;re7, re10, re11
Demanda 0682;e1;re1, re2, re3, re4
Demanda 0683;e1;re1, re2, re3, re4
Demanda 0684;e6;re1, re2, re14
Demanda 0685;e6;re1, re2, re14
Demanda 0686;e4;re7, re10, re11
Demanda 0687;e7;re7, re10, re11
Demanda 0688;e6;re1, re2, re14
Demanda 0689;e6;re1, re2, re14
Demanda 0690;e6;re1, re2, re14
Demanda 0691;e7;re7, re10, re11
Demanda 0692;e4;re7, re10, re11
Demanda 0693;e7;re7, re10, re11
Demanda 0694;e2;re2, re4, re5
Demanda 0695;e4;re7, re10, re11
Demanda 0696;e4;re7, re10, re11
Demanda 0697;e6;re1, re2, re14
Demanda 0698;e2;re2, re4, re5
Demanda 0699;e5;re12, re13
Demanda 0700;e6;re1, re2, re14
Demanda 0701;e4;re7, re10, re11
Demanda 0702;e4;re7, re10, re11
Demanda 0703;e2;re2, re4, re5
Demanda 0704;e7;re7, re10, re11
Demanda 0705;e2;re2, re4, re5
Demanda 0706;e7;re7, re10, re11
Demanda 0707;e3;re5, re6, re7, re8, re9
Demanda 0708;e1;re1, re2, re3, re4
Demanda 0709;e1;re1, re2, re3, re4
Demanda 0710;e7;re7, re10, re11
Demanda 0711;e6;re1, re2, re14
Demanda 0712;e6;re1, re2, re14
Demanda 0713;e6;re1, re2, re14
Demanda 0714;e3;re5, re6, re7, re8, re9
Demanda 0715;e2;re2, re4, re5
Demanda 0716;e1;re1, re2, re3, re4
Demanda 0717;e1;re1, re2, re3, re4
Demanda 0718;e3;re5, re6, re7, re8, re9
Demanda 0719;e5;re12, re13
Demanda 0720;e4;re7, re10, re11
Demanda 0721;e2;re2, re4, re5
Demanda 0722;e2;re2, re4, re5
Demanda 0723;e3;re5, re6, re7, re8, re9
Demanda 0724;e7;re7, re10, re11
Demanda 0725;e6;re1, re2, re14
Demanda 0726;e1;re1, re2, re3, re4
Demanda 0727;e3;re5, re6, re7, re8, re9
Demanda 0728;e2;re2, re4, re5
Demanda 0729;e3;re5, re6, re7, re8, re9
Demanda 0730;e2;re2, re4, re5
Demanda 0731;e6;re1, re2, re14
Demanda 0732;e5;re12, re13
Demanda 0733;e7;re7, re10, re11
Demanda 0734;e6;re1, re2, re14
Demanda 0735;e1;re1, re2, re3, re4
Demanda 0736;e5;re12, re13
Demanda 0737;e3;re5, re6, re7, re8, re9
Demanda 0738;e1;re1, re2, re3, re4
Demanda 0739;e7;re7, re10, re11
Demanda 0740;e2;re2, re4, re5
Demanda 0741;e3;re5, re6, re7, re8, re9
Demanda 0742;e6;re1, re2, re14
Demanda 0743;e7;re7, re10, re11
Demanda 0744;e3;re5, re6, re7, re8, re9
Demanda 0745;e1;re1, re2, re3, re4
Demanda 0746;e7;re7, re10, re11
Demanda 0747;e4;re7, re10, re11
Demanda 0748;e6;re1, re2, re14
Demanda 0749;e1;re1, re2, re3, re4
Demanda 0750;e4;re7, re10, re11
Demanda 0751;e5;re12, re13
Demanda 0752;e1;re1, re2, re3, re4
Demanda 0753;e4;re7, re10, re11
Demanda 0754;e1;re1, re2, re3, re4
Demanda 0755;e6;re1, re2, re14
Demanda 0756;e4;re7, re10, re11
Demanda 0757;e7;re7, re10, re11
Demanda 0758;e4;re7, re10, re11
Demanda 0759;e4;re7, re10, re11
Demanda 0760;e1;re1, re2, re3, re4
Demanda 0761;e1;re1, re2, re3, re4
Demanda 0762;e6;re1, re2, re14
Demanda 0763;e4;re7, re10, re11
Demanda 0764;e7;re7, re10, re11
Demanda 0765;e7;re7, re10, re11
Demanda 0766;e5;re12, re13
Demanda 0767;e2;re2, re4, re5
Demanda 0768;e1;re1, re2, re3, re4
Demanda 0769;e1;re1, re2, re3, re4
Demanda 0770;e4;re7, re10, re11
Demanda 0771;e4;re7, re10, re11
Demanda 0772;e2;re2, re4, re5
Demanda 0773;e3;re5, re6, re7, re8, re9
Demanda 0774;e1;re1, re2, re3, re4
Demanda 0775;e5;re12, re13
Demanda 0776;e1;re1, re2, re3, re4
Demanda 0777;e7;re7, re10, re11
Demanda 0778;e5;re12, re13
Demanda 0779;e7;re7, re10, re11
Demanda 0780;e4;re7, re10, re11
Demanda 0781;e5;re12, re13
Demanda 0782;e3;re5, re6, re7, re8, re9
Demanda 0783;e7;re7, re10, re11
Demanda 0784;e4;re7, re10, re11
Demanda 0785;e2;re2, re4, re5
Demanda 0786;e6;re1, re2, re14
Demanda 0787;e7;re7, re10, re11
Demanda 0788;e5;re12, re13
Demanda 0789;e1;re1, re2, re3, re4
Demanda 0790;e1;re1, re2, re3, re4
Demanda 0791;e6;re1, re2, re14
Demanda 0792;e5;re12, re13
Demanda 0793;e3;re5, re6, re7, re8, re9
Demanda 0794;e2;re2, re4, re5
Demanda 0795;e4;re7, re10, re11
Demanda 0796;e2;re2, re4, re5
Demanda 0797;e1;re1, re2, re3, re4
Demanda 0798;e1;re1, re2, re3, re4
Demanda 0799;e6;re1, re2, re14
Demanda 0800;e2;re2, re4, re5
Demanda 0801;e1;re1, re2, re3, re4
Demanda 0802;e1;re1, re2, re3, re4
Demanda 0803;e3;re5, re6, re7, re8, re9
Demanda 0804;e5;re12, re13
Demanda 0805;e6;re1, re2, re14
Demanda 0806;e3;re5, re6, re7, re8, re9
Demanda 0807;e1;re1, re2, re3, re4
Demanda 0808;e2;re2, re4, re5
Demanda 0809;e7;re7, re10, re11
Demanda 0810;e2;re2, re4, re5
Demanda 0811;e7;re7, re10, re11
Demanda 0812;e7;re7, re10, re11
Demanda 0813;e2;re2, re4, re5
Demanda 0814;e5;re12, re13
Demanda 0815;e5;re12, re13
Demanda 0816;e6;re1, re2, re14
Demanda 0817;e6;re1, re2, re14
Demanda 0818;e1;re1, re2, re3, re4
Demanda 0819;e2;re2, re4, re5
Demanda 0820;e4;re7, re10, re11
Demanda 0821;e6;re1, re2, re14
Demanda 0822;e7;re7, re10, re11
Demanda 0823;e7;re7, re10, re11
Demanda 0824;e4;re7, re10, re11
Demanda 0825;e1;re1, re2, re3, re4
Demanda 0826;e4;re7, re10, re11
Demanda 0827;e1;re1, re2, re3, re4
Demanda 0828;e4;re7, re10, re11
Demanda 0829;e6;re1, re2, re14
Demanda 0830;e5;re12, re13
Demanda 0831;e3;re5, re6, re7, re8, re9
Demanda 0832;e2;re2, re4, re5
Demanda 0833;e5;re12, re13
Demanda 0834;e6;re1, re2, re14
Demanda 0835;e1;re1, re2, re3, re4
Demanda 0836;e4;re7, re10, re11
Demanda 0837;e6;re1, re2, re14
Demanda 0838;e7;re7, re10, re11
Demanda 0839;e4;re7, re10, re11
Demanda 0840;e7;re7, re10, re11
Demanda 0841;e1;re1, re2, re3, re4
Demanda 0842;e7;re7, re10, re11
Demanda 0843;e7;re7, re10, re11
Demanda 0844;e7;re7, re10, re11
Demanda 0845;e3;re5, re6, re7, re8, re9
Demanda 0846;e6;re1, re2, re14
Demanda 0847;e7;re7, re10, re11
Demanda 0848;e7;re7, re10, re11
Demanda 0849;e4;re7, re10, re11
Demanda 0850;e6;re1, re2, re14
Demanda 0851;e7;re7, re10, re11
Demanda 0852;e4;re7, re10, re11
Demanda 0853;e4;re7, re10, re11
Demanda 0854;e1;re1, re2, re3, re4
Demanda 0855;e3;re5, re6, re7, re8, re9
Demanda 0856;e4;re7, re10, re11
Demanda 0857;e4;re7, re10, re11
Demanda 0858;e7;re7, re10, re11
Demanda 0859;e2;re2, re4, re5
Demanda 0860;e4;re7, re10, re11
Demanda 0861;e1;re1, re2, re3, re4
Demanda 0862;e3;re5, re6, re7, re8, re9
Demanda 0863;e3;re5, re6, re7, re8, re9
Demanda 0864;e3;re5, re6, re7, re8, re9
Demanda 0865;e4;re7, re10, re11
Demanda 0866;e1;re1, re2, re3, re4
Demanda 0867;e4;re7, re10, re11
Demanda 0868;e6;re1, re2, re14
Demanda 0869;e4;re7, re10, re11
Demanda 0870;e4;re7, re10, re11
Demanda 0871;e1;re1, re2, re3, re4
Demanda 0872;e7;re7, re10, re11
Demanda 0873;e3;re5, re6, re7, re8, re9
Demanda 0874;e6;re1, re2, re14
Demanda 0875;e2;re2, re4, re5
Demanda 0876;e3;re5, re6, re7, re8, re9
Demanda 0877;e7;re7, re10, re11
Demanda 0878;e5;re12, re13
Demanda 0879;e3;re5, re6, re7, re8, re9
Demanda 0880;e4;re7, re10, re11
Demanda 0881;e6;re1, re2, re14
Demanda 0882;e4;re7, re10, re11
Demanda 0883;e2;re2, re4, re5
Demanda 0884;e2;re2, re4, re5
Demanda 0885;e2;re2, re4, re5
Demanda 0886;e1;re1, re2, re3, re4
Demanda 0887;e7;re7, re10, re11
Demanda 0888;e3;re5, re6, re7, re8, re9
Demanda 0889;e5;re12, re13
Demanda 0890;e6;re1, re2, re14
Demanda 0891;e5;re12, re13
Demanda 0892;e1;re1, re2, re3, re4
Demanda 0893;e5;re12, re13
Demanda 0894;e1;re1, re2, re3, re4
Demanda 0895;e7;re7, re10, re11
Demanda 0896;e6;re1, re2, re14
Demanda 0897;e6;re1, re2, re14
Demanda 0898;e6;re1, re2, re14
Demanda 0899;e1;re1, re2, re3, re4
Demanda 0900;e3;re5, re6, re7, re8, re9
Demanda 0901;e2;re2, re4, re5
Demanda 0902;e7;re7, re10, re11
Demanda 0903;e4;re7, re10, re11
Demanda 0904;e6;re1, re2, re14
Demanda 0905;e2;re2, re4, re5
Demanda 0906;e2;re2, re4, re5
Demanda 0907;e1;re1, re2, re3, re4
Demanda 0908;e5;re12, re13
Demanda 0909;e4;re7, re10, re11
Demanda 0910;e4;re7, re10, re11
Demanda 0911;e7;re7, re10, re11
Demanda 0912;e3;re5, re6, re7, re8, re9
Demanda 0913;e7;re7, re10, re11
Demanda 0914;e3;re5, re6, re7, re8, re9
Demanda 0915;e4;re7, re10, re11
Demanda 0916;e6;re1, re2, re14
Demanda 0917;e3;re5, re6, re7, re8, re9
Demanda 0918;e1;re1, re2, re3, re4
Demanda 0919;e2;re2, re4, re5
Demanda 0920;e5;re12, re13
Demanda 0921;e6;re1, re2, re14
Demanda 0922;e4;re7, re10, re11
Demanda 0923;e1;re1, re2, re3, re4
Demanda 0924;e6;re1, re2, re14
Demanda 0925;e6;re1, re2, re14
Demanda 0926;e6;re1, re2, re14
Demanda 0927;e7;re7, re10, re11
Demanda 0928;e2;re2, re4, re5
Demanda 0929;e4;re7, re10, re11
Demanda 0930;e3;re5, re6, re7, re8, re9
Demanda 0931;e1;re1, re2, re3, re4
Demanda 0932;e1;re1, re2, re3, re4
Demanda 0933;e3;re5, re6, re7, re8, re9
Demanda 0934;e2;re2, re4, re5
Demanda 0935;e6;re1, re2, re14
Demanda 0936;e3;re5, re6, re7, re8, re9
Demanda 0937;e7;re7, re10, re11
Demanda 0938;e1;re1, re2, re3, re4
Demanda 0939;e1;re1, re2, re3, re4
Demanda 0940;e7;re7, re10, re11
Demanda 0941;e4;re7, re10, re11
Demanda 0942;e4;re7, re10, re11
Demanda 0943;e1;re1, re2, re3, re4
Demanda 0944;e7;re7, re10, re11
Demanda 0945;e4;re7, re10, re11
Demanda 0946;e3;re5, re6, re7, re8, re9
Demanda 0947;e3;re5, re6, re7, re8, re9
Demanda 0948;e6;re1, re2, re14
Demanda 0949;e6;re1, re2, re14
Demanda 0950;e3;re5, re6, re7, re8, re9
Demanda 0951;e6;re1, re2, re14
Demanda 0952;e1;re1, re2, re3, re4
Demanda 0953;e6;re1, re2, re14
Demanda 0954;e6;re1, re2, re14
Demanda 0955;e5;re12, re13
Demanda 0956;e6;re1, re2, re14
Demanda 0957;e1;re1, re2, re3, re4
Demanda 0958;e6;re1, re2, re14
Demanda 0959;e3;re5, re6, re7, re8, re9
Demanda 0960;e3;re5, re6, re7, re8, re9
Demanda 0961;e4;re7, re10, re11
Demanda 0962;e6;re1, re2, re14
Demanda 0963;e7;re7, re10, re11
Demanda 0964;e5;re12, re13
Demanda 0965;e5;re12, re13
Demanda 0966;e6;re1, re2, re14
Demanda 0967;e2;re2, re4, re5
Demanda 0968;e6;re1, re2, re14
Demanda 0969;e7;re7, re10, re11
Demanda 0970;e4;re7, re10, re11
Demanda 0971;e4;re7, re10, re11
Demanda 0972;e4;re7, re10, re11
Demanda 0973;e2;re2, re4, re5
Demanda 0974;e3;re5, re6, re7, re8, re9
Demanda 0975;e3;re5, re6, re7, re8, re9
Demanda 0976;e6;re1, re2, re14
Demanda 0977;e5;re12, re13
Demanda 0978;e2;re2, re4, re5
Demanda 0979;e5;re12, re13
Demanda 0980;e7;re7, re10, re11
Demanda 0981;e2;re2, re4, re5
Demanda 0982;e5;re12, re13
Demanda 0983;e3;re5, re6, re7, re8, re9
Demanda 0984;e4;re7, re10, re11
Demanda 0985;e2;re2, re4, re5
Demanda 0986;e5;re12, re13
Demanda 0987;e7;re7, re10, re11
Demanda 0988;e6;re1, re2, re14
Demanda 0989;e4;re7, re10, re11
Demanda 0990;e5;re12, re13
Demanda 0991;e5;re12, re13
Demanda 0992;e2;re2, re4, re5
Demanda 0993;e7;re7, re10, re11
Demanda 0994;e6;re1, re2, re14
Demanda 0995;e7;re7, re10, re11
Demanda 0996;e4;re7, re10, re11
Demanda 0997;e4;re7, re10, re11
Demanda 0998;e1;re1, re2, re3, re4
Demanda 0999;e7;re7, re10, re11
Demanda 1000;e1;re1, re2, re3, re4
Demanda 1001;e3;re5, re6, re7, re8, re9
Demanda 1002;e4;re7, re10, re11
Demanda 1003;e3;re5, re6, re7, re8, re9
Demanda 1004;e1;re1, re2, re3, re4
Demanda 1005;e6;re1, re2, re14
Demanda 1006;e7;re7, re10, re11
Demanda 1007;e6;re1, re2, re14
Demanda 1008;e4;re7, re10, re11
Demanda 1009;e1;re1, re2, re3, re4
Demanda 1010;e2;re2, re4, re5
Demanda 1011;e4;re7, re10, re11
Demanda 1012;e4;re7, re10, re11
Demanda 1013;e1;re1, re2, re3, re4
Demanda 1014;e7;re7, re10, re11
Demanda 1015;e3;re5, re6, re7, re8, re9
Demanda 1016;e2;re2, re4, re5
Demanda 1017;e6;re1, re2, re14
Demanda 1018;e6;re1, re2, re14
Demanda 1019;e4;re7, re10, re11
Demanda 1020;e1;re1, re2, re3, re4
Demanda 1021;e6;re1, re2, re14
Demanda 1022;e2;re2, re4, re5
Demanda 1023;e3;re5, re6, re7, re8, re9
Demanda 1024;e6;re1, re2, re14
Demanda 1025;e4;re7, re10, re11
Demanda 1026;e5;re12, re13
Demanda 1027;e3;re5, re6, re7, re8, re9
Demanda 1028;e3;re5, re6, re7, re8, re9
Demanda 1029;e1;re1, re2, re3, re4
Demanda 1030;e1;re1, re2, re3, re4
Demanda 1031;e3;re5, re6, re7, re8, re9
Demanda 1032;e4;re7, re10, re11
Demanda 1033;e6;re1, re2, re14
Demanda 1034;e7;re7, re10, re11
Demanda 1035;e7;re7, re10, re11
Demanda 1036;e5;re12, re13
Demanda 1037;e1;re1, re2, re3, re4
Demanda 1038;e6;re1, re2, re14
Demanda 1039;e5;re12, re13
Demanda 1040;e6;re1, re2, re14
Demanda 1041;e7;re7, re10, re11
Demanda 1042;e7;re7, re10, re11
Demanda 1043;e5;re12, re13
Demanda 1044;e1;re1, re2, re3, re4
Demanda 1045;e2;re2, re4, re5
Demanda 1046;e4;re7, re10, re11
Demanda 1047;e1;re1, re2, re3, re4
Demanda 1048;e1;re1, re2, re3, re4
Demanda 1049;e2;re2, re4, re5
Demanda 1050;e2;re2, re4, re5
Demanda 1051;e5;re12, re13
Demanda 1052;e4;re7, re10, re11
Demanda 1053;e4;re7, re10, re11
Demanda 1054;e4;re7, re10, re11
Demanda 1055;e7;re7, re10, re11
Demanda 1056;e7;re7, re10, re11
Demanda 1057;e7;re7, re10, re11
Demanda 1058;e3;re5, re6, re7, re8, re9
Demanda 1059;e7;re7, re10, re11
Demanda 1060;e2;re2, re4, re5
Demanda 1061;e2;re2, re4, re5
Demanda 1062;e5;re12, re13
Demanda 1063;e5;re12, re13
Demanda 1064;e3;re5, re6, re7, re8, re9
Demanda 1065;e1;re1, re2, re3, re4
Demanda 1066;e3;re5, re6, re7, re8, re9
Demanda 1067;e4;re7, re10, re11
Demanda 1068;e1;re1, re2, re3, re4
Demanda 1069;e5;re12, re13
Demanda 1070;e1;re1, re2, re3, re4
Demanda 1071;e3;re5, re6, re7, re8, re9
Demanda 1072;e6;re1, re2, re14
Demanda 1073;e7;re7, re10, re11
Demanda 1074;e2;re2, re4, re5
Demanda 1075;e3;re5, re6, re7, re8, re9
Demanda 1076;e6;re1, re2, re14
Demanda 1077;e1;re1, re2, re3, re4
Demanda 1078;e1;re1, re2, re3, re4
Demanda 1079;e4;re7, re10, re11
Demanda 1080;e1;re1, re2, re3, re4
Demanda 1081;e7;re7, re10, re11
Demanda 1082;e3;re5, re6, re7, re8, re9
Demanda 1083;e6;re1, re2, re14
Demanda 1084;e7;re7, re10, re11
Demanda 1085;e3;re5, re6, re7, re8, re9
Demanda 1086;e2;re2, re4, re5
Demanda 1087;e3;re5, re6, re7, re8, re9
Demanda 1088;e6;re1, re2, re14
Demanda 1089;e5;re12, re13
Demanda 1090;e2;re2, re4, re5
Demanda 1091;e7;re7, re10, re11
Demanda 1092;e3;re5, re6, re7, re8, re9
Demanda 1093;e6;re1, re2, re14
Demanda 1094;e3;re5, re6, re7, re8, re9
Demanda 1095;e5;re12, re13
Demanda 1096;e7;re7, re10, re11
Demanda 1097;e1;re1, re2, re3, re4
Demanda 1098;e2;re2, re4, re5
Demanda 1099;e1;re1, re2, re3, re4
Demanda 1100;e4;re7, re10, re11
Demanda 1101;e7;re7, re10, re11
Demanda 1102;e3;re5, re6, re7, re8, re9
Demanda 1103;e7;re7, re10, re11
Demanda 1104;e3;re5, re6, re7, re8, re9
Demanda 1105;e2;re2, re4, re5
Demanda 1106;e5;re12, re13
Demanda 1107;e6;re1, re2, re14
Demanda 1108;e5;re12, re13
Demanda 1109;e3;re5, re6, re7, re8, re9
Demanda 1110;e2;re2, re4, re5
Demanda 1111;e4;re7, re10, re11
Demanda 1112;e7;re7, re10, re11
Demanda 1113;e3;re5, re6, re7, re8, re9
Demanda 1114;e2;re2, re4, re5
Demanda 1115;e5;re12, re13
Demanda 1116;e4;re7, re10, re11
Demanda 1117;e5;re12, re13
Demanda 1118;e5;re12, re13
Demanda 1119;e2;re2, re4, re5
Demanda 1120;e5;re12, re13
Demanda 1121;e5;re12, re13
Demanda 1122;e5;re12, re13
Demanda 1123;e6;re1, re2, re14
Demanda 1124;e2;re2, re4, re5
Demanda 1125;e7;re7, re10, re11
Demanda 1126;e2;re2, re4, re5
Demanda 1127;e6;re1, re2, re14
Demanda 1128;e4;re7, re10, re11
Demanda 1129;e1;re1, re2, re3, re4
Demanda 1130;e2;re2, re4, re5
Demanda 1131;e2;re2, re4, re5
Demanda 1132;e4;re7, re10, re11
Demanda 1133;e1;re1, re2, re3, re4
Demanda 1134;e4;re7, re10, re11
Demanda 1135;e1;re1, re2, re3, re4
Demanda 1136;e7;re7, re10, re11
Demanda 1137;e7;re7, re10, re11
Demanda 1138;e3;re5, re6, re7, re8, re9
Demanda 1139;e1;re1, re2, re3, re4
Demanda 1140;e4;re7, re10, re11
Demanda 1141;e7;re7, re10, re11
Demanda 1142;e7;re7, re10, re11
Demanda 1143;e4;re7, re10, re11
Demanda 1144;e4;re7, re10, re11
Demanda 1145;e6;re1, re2, re14
Demanda 1146;e4;re7, re10, re11
Demanda 1147;e2;re2, re4, re5
Demanda 1148;e2;re2, re4, re5
Demanda 1149;e7;re7, re10, re11
Demanda 1150;e3;re5, re6, re7, re8, re9
Demanda 1151;e5;re12, re13
Demanda 1152;e6;re1, re2, re14
Demanda 1153;e6;re1, re2, re14
Demanda 1154;e6;re1, re2, re14
Demanda 1155;e7;re7, re10, re11
Demanda 1156;e5;re12, re13
Demanda 1157;e5;re12, re13
Demanda 1158;e6;re1, re2, re14
Demanda 1159;e1;re1, re2, re3, re4
Demanda 1160;e6;re1, re2, re14
Demanda 1161;e1;re1, re2, re3, re4
Demanda 1162;e5;re12, re13
Demanda 1163;e7;re7, re10, re11
Demanda 1164;e4;re7, re10, re11
Demanda 1165;e6;re1, re2, re14
Demanda 1166;e5;re12, re13
Demanda 1167;e2;re2, re4, re5
Demanda 1168;e3;re5, re6, re7, re8, re9
Demanda 1169;e6;re1, re2, re14
Demanda 1170;e6;re1, re2, re14
Demanda 1171;e4;re7, re10, re11
Demanda 1172;e7;re7, re10, re11
Demanda 1173;e3;re5, re6, re7, re8, re9
Demanda 1174;e3;re5, re6, re7, re8, re9
Demanda 1175;e5;re12, re13
Demanda 1176;e2;re2, re4, re5
Demanda 1177;e7;re7, re10, re11
Demanda 1178;e4;re7, re10, re11
Demanda 1179;e6;re1, re2, re14
Demanda 1180;e3;re5, re6, re7, re8, re9
Demanda 1181;e4;re7, re10, re11
Demanda 1182;e3;re5, re6, re7, re8, re9
Demanda 1183;e6;re1, re2, re14
Demanda 1184;e4;re7, re10, re11
Demanda 1185;e5;re12, re13
Demanda 1186;e1;re1, re2, re3, re4
Demanda 1187;e4;re7, re10, re11
Demanda 1188;e7;re7, re10, re11
Demanda 1189;e6;re1, re2, re14
Demanda 1190;e5;re12, re13
Demanda 1191;e7;re7, re10, re11
Demanda 1192;e6;re1, re2, re14
Demanda 1193;e1;re1, re2, re3, re4
Demanda 1194;e7;re7, re10, re11
Demanda 1195;e4;re7, re10, re11
Demanda 1196;e3;re5, re6, re7, re8, re9
Demanda 1197;e6;re1, re2, re14
Demanda 1198;e4;re7, re10, re11
Demanda 1199;e3;re5, re6, re7, re8, re9
Demanda 1200;e1;re1, re2, re3, re4
Demanda 1201;e1;re1, re2, re3, re4
Demanda 1202;e3;re5, re6, re7, re8, re9
Demanda 1203;e5;re12, re13
Demanda 1204;e2;re2, re4, re5
Demanda 1205;e6;re1, re2, re14
Demanda 1206;e3;re5, re6, re7, re8, re9
Demanda 1207;e7;re7, re10, re11
Demanda 1208;e5;re12, re13
Demanda 1209;e4;re7, re10, re11
Demanda 1210;e1;re1, re2, re3, re4
Demanda 1211;e6;re1, re2, re14
Demanda 1212;e5;re12, re13
Demanda 1213;e6;re1, re2, re14
Demanda 1214;e6;re1, re2, re14
Demanda 1215;e1;re1, re2, re3, re4
Demanda 1216;e7;re7, re10, re11
Demanda 1217;e3;re5, re6, re7, re8, re9
Demanda 1218;e2;re2, re4, re5
Demanda 1219;e7;re7, re10, re11
Demanda 1220;e7;re7, re10, re11
Demanda 1221;e2;re2, re4, re5
Demanda 1222;e7;re7, re10, re11
Demanda 1223;e6;re1, re2, re14
Demanda 1224;e7;re7, re10, re11
Demanda 1225;e3;re5, re6, re7, re8, re9
Demanda 1226;e1;re1, re2, re3, re4
Demanda 1227;e1;re1, re2, re3, re4
Demanda 1228;e3;re5, re6, re7, re8, re9
Demanda 1229;e3;re5, re6, re7, re8, re9
Demanda 1230;e4;re7, re10, re11
Demanda 1231;e3;re5, re6, re7, re8, re9
Demanda 1232;e3;re5, re6, re7, re8, re9
Demanda 1233;e6;re1, re2, re14
Demanda 1234;e6;re1, re2, re14
Demanda 1235;e6;re1, re2, re14
Demanda 1236;e3;re5, re6, re7, re8, re9
Demanda 1237;e5;re12, re13
Demanda 1238;e4;re7, re10, re11
Demanda 1239;e1;re1, re2, re3, re4
Demanda 1240;e7;re7, re10, re11
Demanda 1241;e5;re12, re13
Demanda 1242;e4;re7, re10, re11
Demanda 1243;e6;re1, re2, re14
Demanda 1244;e2;re2, re4, re5
Demanda 1245;e7;re7, re10, re11
Demanda 1246;e3;re5, re6, re7, re8, re9
Demanda 1247;e1;re1, re2, re3, re4
Demanda 1248;e4;re7, re10, re11
Demanda 1249;e6;re1, re2, re14
Demanda 1250;e3;re5, re6, re7, re8, re9
Demanda 1251;e7;re7, re10, re11
Demanda 1252;e1;re1, re2, re3, re4
Demanda 1253;e5;re12, re13
Demanda 1254;e4;re7, re10, re11
Demanda 1255;e6;re1, re2, re14
Demanda 1256;e7;re7, re10, re11
Demanda 1257;e2;re2, re4, re5
Demanda 1258;e5;re12, re13
Demanda 1259;e4;re7, re10, re11
Demanda 1260;e2;re2, re4, re5
Demanda 1261;e4;re7, re10, re11
Demanda 1262;e7;re7, re10, re11
Demanda 1263;e3;re5, re6, re7, re8, re9
Demanda 1264;e3;re5, re6, re7, re8, re9
Demanda 1265;e3;re5, re6, re7, re8, re9
Demanda 1266;e3;re5, re6, re7, re8, re9
Demanda 1267;e3;re5, re6, re7, re8, re9
Demanda 1268;e4;re7, re10, re11
Demanda 1269;e4;re7, re10, re11
Demanda 1270;e7;re7, re10, re11
Demanda 1271;e5;re12, re13
Demanda 1272;e1;re1, re2, re3, re4
Demanda 1273;e6;re1, re2, re14
Demanda 1274;e4;re7, re10, re11
Demanda 1275;e7;re7, re10, re11
Demanda 1276;e4;re7, re10, re11
Demanda 1277;e7;re7, re10, re11
Demanda 1278;e5;re12, re13
Demanda 1279;e5;re12, re13
Demanda 1280;e5;re12, re13
Demanda 1281;e3;re5, re6, re7, re8, re9
Demanda 1282;e6;re1, re2, re14
Demanda 1283;e2;re2, re4, re5
Demanda 1284;e7;re7, re10, re11
Demanda 1285;e1;re1, re2, re3, re4
Demanda 1286;e2;re2, re4, re5
Demanda 1287;e6;re1, re2, re14
Demanda 1288;e3;re5, re6, re7, re8, re9
Demanda 1289;e5;re12, re13
Demanda 1290;e5;re12, re13
Demanda 1291;e4;re7, re10, re11
Demanda 1292;e7;re7, re10, re11
Demanda 1293;e2;re2, re4, re5
Demanda 1294;e7;re7, re10, re11
Demanda 1295;e6;re1, re2, re14
Demanda 1296;e3;re5, re6, re7, re8, re9
Demanda 1297;e5;re12, re13
Demanda 1298;e6;re1, re2, re14
Demanda 1299;e6;re1, re2, re14
Demanda 1300;e2;re2, re4, re5
Demanda 1301;e6;re1, re2, re14
Demanda 1302;e5;re12, re13
Demanda 1303;e7;re7, re10, re11
Demanda 1304;e3;re5, re6, re7, re8, re9
Demanda 1305;e3;re5, re6, re7, re8, re9
Demanda 1306;e5;re12, re13
Demanda 1307;e7;re7, re10, re11
Demanda 1308;e2;re2, re4, re5
Demanda 1309;e3;re5, re6, re7, re8, re9
Demanda 1310;e7;re7, re10, re11
Demanda 1311;e2;re2, re4, re5
Demanda 1312;e6;re1, re2, re14
Demanda 1313;e2;re2, re4, re5
Demanda 1314;e5;re12, re13
Demanda 1315;e1;re1, re2, re3, re4
Demanda 1316;e1;re1, re2, re3, re4
Demanda 1317;e5;re12, re13
Demanda 1318;e4;re7, re10, re11
Demanda 1319;e6;re1, re2, re14
Demanda 1320;e6;re1, re2, re14
Demanda 1321;e3;re5, re6, re7, re8, re9
Demanda 1322;e3;re5, re6, re7, re8, re9
Demanda 1323;e5;re12, re13
Demanda 1324;e6;re1, re2, re14
Demanda 1325;e3;re5, re6, re7, re8, re9
Demanda 1326;e2;re2, re4, re5
Demanda 1327;e1;re1, re2, re3, re4
Demanda 1328;e2;re2, re4, re5
Demanda 1329;e7;re7, re10, re11
Demanda 1330;e4;re7, re10, re11
Demanda 1331;e2;re2, re4, re5
Demanda 1332;e7;re7, re10, re11
Demanda 1333;e6;re1, re2, re14
Demanda 1334;e1;re1, re2, re3, re4
Demanda 1335;e3;re5, re6, re7, re8, re9
Demanda 1336;e6;re1, re2, re14
Demanda 1337;e1;re1, re2, re3, re4
Demanda 1338;e1;re1, re2, re3, re4
Demanda 1339;e1;re1, re2, re3, re4
Demanda 1340;e4;re7, re10, re11
Demanda 1341;e4;re7, re10, re11
Demanda 1342;e2;re2, re4, re5
Demanda 1343;e2;re2, re4, re5
Demanda 1344;e4;re7, re10, re11
Demanda 1345;e4;re7, re10, re11
Demanda 1346;e1;re1, re2, re3, re4
Demanda 1347;e7;re7, re10, re11
Demanda 1348;e2;re2, re4, re5
Demanda 1349;e6;re1, re2, re14
Demanda 1350;e5;re12, re13
Demanda 1351;e7;re7, re10, re11
Demanda 1352;e7;re7, re10, re11
Demanda 1353;e5;re12, re13
Demanda 1354;e4;re7, re10, re11
Demanda 1355;e4;re7, re10, re11
Demanda 1356;e6;re1, re2, re14
Demanda 1357;e2;re2, re4, re5
Demanda 1358;e5;re12, re13
Demanda 1359;e7;re7, re10, re11
Demanda 1360;e7;re7, re10, re11
Demanda 1361;e3;re5, re6, re7, re8, re9
Demanda 1362;e7;re7, re10, re11
Demanda 1363;e7;re7, re10, re11
Demanda 1364;e5;re12, re13
Demanda 1365;e7;re7, re10, re11
Demanda 1366;e5;re12, re13
Demanda 1367;e7;re7, re10, re11
Demanda 1368;e3;re5, re6, re7, re8, re9
Demanda 1369;e3;re5, re6, re7, re8, re9
Demanda 1370;e2;re2, re4, re5
Demanda 1371;e3;re5, re6, re7, re8, re9
Demanda 1372;e5;re12, re13
Demanda 1373;e2;re2, re4, re5
Demanda 1374;e6;re1, re2, re14
Demanda 1375;e3;re5, re6, re7, re8, re9
Demanda 1376;e5;re12, re13
Demanda 1377;e3;re5, re6, re7, re8, re9
Demanda 1378;e1;re1, re2, re3, re4
Demanda 1379;e5;re12, re13
Demanda 1380;e7;re7, re10, re11
Demanda 1381;e6;re1, re2, re14
Demanda 1382;e4;re7, re10, re11
Demanda 1383;e1;re1, re2, re3, re4
Demanda 1384;e6;re1, re2, re14
Demanda 1385;e2;re2, re4, re5
Demanda 1386;e3;re5, re6, re7, re8, re9
Demanda 1387;e7;re7, re10, re11
Demanda 1388;e6;re1, re2, re14
Demanda 1389;e6;re1, re2, re14
Demanda 1390;e1;re1, re2, re3, re4
Demanda 1391;e2;re2, re4, re5
Demanda 1392;e4;re7, re10, re11
Demanda 1393;e5;re12, re13
Demanda 1394;e1;re1, re2, re3, re4
Demanda 1395;e3;re5, re6, re7, re8, re9
Demanda 1396;e2;re2, re4, re5
Demanda 1397;e4;re7, re10, re11
Demanda 1398;e4;re7, re10, re11
Demanda 1399;e3;re5, re6, re7, re8, re9
Demanda 1400;e3;re5, re6, re7, re8, re9
Demanda 1401;e7;re7, re10, re11
Demanda 1402;e6;re1, re2, re14
Demanda 1403;e5;re12, re13
Demanda 1404;e4;re7, re10, re11
Demanda 1405;e1;re1, re2, re3, re4
Demanda 1406;e1;re1, re2, re3, re4
Demanda 1407;e1;re1, re2, re3, re4
Demanda 1408;e3;re5, re6, re7, re8, re9
Demanda 1409;e2;re2, re4, re5
Demanda 1410;e1;re1, re2, re3, re4
Demanda 1411;e6;re1, re2, re14
Demanda 1412;e2;re2, re4, re5
Demanda 1413;e5;re12, re13
Demanda 1414;e7;re7, re10, re11
Demanda 1415;e5;re12, re13
Demanda 1416;e2;re2, re4, re5
Demanda 1417;e4;re7, re10, re11
Demanda 1418;e2;re2, re4, re5
Demanda 1419;e6;re1, re2, re14
Demanda 1420;e4;re7, re10, re11
Demanda 1421;e4;re7, re10, re11
Demanda 1422;e1;re1, re2, re3, re4
Demanda 1423;e2;re2, re4, re5
Demanda 1424;e3;re5, re6, re7, re8, re9
Demanda 1425;e6;re1, re2, re14
Demanda 1426;e5;re12, re13
Demanda 1427;e5;re12, re13
Demanda 1428;e7;re7, re10, re11
Demanda 1429;e2;re2, re4, re5
Demanda 1430;e4;re7, re10, re11
Demanda 1431;e6;re1, re2, re14
Demanda 1432;e7;re7, re10, re11
Demanda 1433;e1;re1, re2, re3, re4
Demanda 1434;e4;re7, re10, re11
Demanda 1435;e6;re1, re2, re14
Demanda 1436;e2;re2, re4, re5
Demanda 1437;e6;re1, re2, re14
Demanda 1438;e5;re12, re13
Demanda 1439;e4;re7, re10, re11
Demanda 1440;e3;re5, re6, re7, re8, re9
Demanda 1441;e1;re1, re2, re3, re4
Demanda 1442;e3;re5, re6, re7, re8, re9
Demanda 1443;e7;re7, re10, re11
Demanda 1444;e2;re2, re4, re5
Demanda 1445;e6;re1, re2, re14
Demanda 1446;e2;re2, re4, re5
Demanda 1447;e3;re5, re6, re7, re8, re9
Demanda 1448;e6;re1, re2, re14
Demanda 1449;e7;re7, re10, re11
Demanda 1450;e7;re7, re10, re11
Demanda 1451;e6;re1, re2, re14
Demanda 1452;e1;re1, re2, re3, re4
Demanda 1453;e2;re2, re4, re5
Demanda 1454;e6;re1, re2, re14
Demanda 1455;e4;re7, re10, re11
Demanda 1456;e1;re1, re2, re3, re4
Demanda 1457;e4;re7, re10, re11
Demanda 1458;e1;re1, re2, re3, re4
Demanda 1459;e7;re7, re10, re11
Demanda 1460;e3;re5, re6, re7, re8, re9
Demanda 1461;e2;re2, re4, re5
Demanda 1462;e1;re1, re2, re3, re4
Demanda 1463;e3;re5, re6, re7, re8, re9
Demanda 1464;e1;re1, re2, re3, re4
Demanda 1465;e6;re1, re2, re14
Demanda 1466;e4;re7, re10, re11
Demanda 1467;e2;re2, re4, re5
Demanda 1468;e4;re7, re10, re11
Demanda 1469;e4;re7, re10, re11
Demanda 1470;e3;re5, re6, re7, re8, re9
Demanda 1471;e3;re5, re6, re7, re8, re9
Demanda 1472;e7;re7, re10, re11
Demanda 1473;e6;re1, re2, re14
Demanda 1474;e4;re7, re10, re11
Demanda 1475;e4;re7, re10, re11
Demanda 1476;e5;re12, re13
Demanda 1477;e5;re12, re13
Demanda 1478;e7;re7, re10, re11
Demanda 1479;e7;re7, re10, re11
Demanda 1480;e3;re5, re6, re7, re8, re9
Demanda 1481;e6;re1, re2, re14
Demanda 1482;e4;re7, re10, re11
Demanda 1483;e6;re1, re2, re14
Demanda 1484;e1;re1, re2, re3, re4
Demanda 1485;e3;re5, re6, re7, re8, re9
Demanda 1486;e6;re1, re2, re14
Demanda 1487;e5;re12, re13
Demanda 1488;e5;re12, re13
Demanda 1489;e4;re7, re10, re11
Demanda 1490;e6;re1, re2, re14
Demanda 1491;e6;re1, re2, re14
Demanda 1492;e4;re7, re10, re11
Demanda 1493;e6;re1, re2, re14
Demanda 1494;e4;re7, re10, re11
Demanda 1495;e6;re1, re2, re14
Demanda 1496;e3;re5, re6, re7, re8, re9
Demanda 1497;e3;re5, re6, re7, re8, re9
Demanda 1498;e7;re7, re10, re11
Demanda 1499;e6;re1, re2, re14
Demanda 1500;e5;re12, re13
Demanda 1501;e6;re1, re2, re14
Demanda 1502;e4;re7, re10, re11
Demanda 1503;e7;re7, re10, re11
Demanda 1504;e5;re12, re13
Demanda 1505;e4;re7, re10, re11
Demanda 1506;e1;re1, re2, re3, re4
Demanda 1507;e5;re12, re13
Demanda 1508;e6;re1, re2, re14
Demanda 1509;e6;re1, re2, re14
Demanda 1510;e5;re12, re13
Demanda 1511;e5;re12, re13
Demanda 1512;e2;re2, re4, re5
Demanda 1513;e6;re1, re2, re14
Demanda 1514;e5;re12, re13
Demanda 1515;e4;re7, re10, re11
Demanda 1516;e2;re2, re4, re5
Demanda 1517;e1;re1, re2, re3, re4
Demanda 1518;e5;re12, re13
Demanda 1519;e4;re7, re10, re11
Demanda 1520;e6;re1, re2, re14
Demanda 1521;e7;re7, re10, re11
Demanda 1522;e3;re5, re6, re7, re8, re9
Demanda 1523;e6;re1, re2, re14
Demanda 1524;e1;re1, re2, re3, re4
Demanda 1525;e2;re2, re4, re5
Demanda 1526;e6;re1, re2, re14
Demanda 1527;e1;re1, re2, re3, re4
Demanda 1528;e2;re2, re4, re5
Demanda 1529;e2;re2, re4, re5
Demanda 1530;e7;re7, re10, re11
Demanda 1531;e2;re2, re4, re5
Demanda 1532;e6;re1, re2, re14
Demanda 1533;e1;re1, re2, re3, re4
Demanda 1534;e2;re2, re4, re5
Demanda 1535;e2;re2, re4, re5
Demanda 1536;e3;re5, re6, re7, re8, re9
Demanda 1537;e2;re2, re4, re5
Demanda 1538;e6;re1, re2, re14
Demanda 1539;e3;re5, re6, re7, re8, re9
Demanda 1540;e2;re2, re4, re5
Demanda 1541;e4;re7, re10, re11
Demanda 1542;e2;re2, re4, re5
Demanda 1543;e3;re5, re6, re7, re8, re9
Demanda 1544;e5;re12, re13
Demanda 1545;e5;re12, re13
Demanda 1546;e4;re7, re10, re11
Demanda 1547;e2;re2, re4, re5
Demanda 1548;e4;re7, re10, re11
Demanda 1549;e2;re2, re4, re5
Demanda 1550;e3;re5, re6, re7, re8, re9
Demanda 1551;e6;re1, re2, re14
Demanda 1552;e5;re12, re13
Demanda 1553;e2;re2, re4, re5
Demanda 1554;e2;re2, re4, re5
Demanda 1555;e5;re12, re13
Demanda 1556;e6;re1, re2, re14
Demanda 1557;e2;re2, re4, re5
Demanda 1558;e5;re12, re13
Demanda 1559;e1;re1, re2, re3, re4
Demanda 1560;e3;re5, re6, re7, re8, re9
Demanda 1561;e2;re2, re4, re5
Demanda 1562;e5;re12, re13
Demanda 1563;e3;re5, re6, re7, re8, re9
Demanda 1564;e3;re5, re6, re7, re8, re9
Demanda 1565;e2;re2, re4, re5
Demanda 1566;e7;re7, re10, re11
Demanda 1567;e4;re7, re10, re11
Demanda 1568;e3;re5, re6, re7, re8, re9
Demanda 1569;e7;re7, re10, re11
Demanda 1570;e3;re5, re6, re7, re8, re9
Demanda 1571;e2;re2, re4, re5
Demanda 1572;e2;re2, re4, re5
Demanda 1573;e3;re5, re6, re7, re8, re9
Demanda 1574;e2;re2, re4, re5
Demanda 1575;e4;re7, re10, re11
Demanda 1576;e7;re7, re10, re11
Demanda 1577;e5;re12, re13
Demanda 1578;e7;re7, re10, re11
Demanda 1579;e1;re1, re2, re3, re4
Demanda 1580;e2;re2, re4, re5
Demanda 1581;e4;re7, re10, re11
Demanda 1582;e6;re1, re2, re14
Demanda 1583;e2;re2, re4, re5
Demanda 1584;e1;re1, re2, re3, re4
Demanda 1585;e5;re12, re13
Demanda 1586;e5;re12, re13
Demanda 1587;e4;re7, re10, re11
Demanda 1588;e4;re7, re10, re11
Demanda 1589;e1;re1, re2, re3, re4
Demanda 1590;e6;re1, re2, re14
Demanda 1591;e5;re12, re13
Demanda 1592;e5;re12, re13
Demanda 1593;e7;re7, re10, re11
Demanda 1594;e5;re12, re13
Demanda 1595;e5;re12, re13
Demanda 1596;e6;re1, re2, re14
Demanda 1597;e1;re1, re2, re3, re4
Demanda 1598;e2;re2, re4, re5
Demanda 1599;e5;re12, re13
Demanda 1600;e6;re1, re2, re14
Demanda 1601;e5;re12, re13
Demanda 1602;e4;re7, re10, re11
Demanda 1603;e3;re5, re6, re7, re8, re9
Demanda 1604;e4;re7, re10, re11
Demanda 1605;e2;re2, re4, re5
Demanda 1606;e4;re7, re10, re11
Demanda 1607;e3;re5, re6, re7, re8, re9
Demanda 1608;e5;re12, re13
Demanda 1609;e7;re7, re10, re11
Demanda 1610;e3;re5, re6, re7, re8, re9
Demanda 1611;e1;re1, re2, re3, re4
Demanda 1612;e6;re1, re2, re14
Demanda 1613;e7;re7, re10, re11
Demanda 1614;e3;re5, re6, re7, re8, re9
Demanda 1615;e5;re12, re13
Demanda 1616;e7;re7, re10, re11
Demanda 1617;e3;re5, re6, re7, re8, re9
Demanda 1618;e7;re7, re10, re11
Demanda 1619;e1;re1, re2, re3, re4
Demanda 1620;e5;re12, re13
Demanda 1621;e7;re7, re10, re11
Demanda 1622;e2;re2, re4, re5
Demanda 1623;e4;re7, re10, re11
Demanda 1624;e2;re2, re4, re5
Demanda 1625;e2;re2, re4, re5
Demanda 1626;e1;re1, re2, re3, re4
Demanda 1627;e2;re2, re4, re5
Demanda 1628;e1;re1, re2, re3, re4
Demanda 1629;e7;re7, re10, re11
Demanda 1630;e4;re7, re10, re11
Demanda 1631;e7;re7, re10, re11
Demanda 1632;e2;re2, re4, re5
Demanda 1633;e1;re1, re2, re3, re4
Demanda 1634;e3;re5, re6, re7, re8, re9
Demanda 1635;e4;re7, re10, re11
Demanda 1636;e5;re12, re13
Demanda 1637;e1;re1, re2, re3, re4
Demanda 1638;e3;re5, re6, re7, re8, re9
Demanda 1639;e7;re7, re10, re11
Demanda 1640;e4;re7, re10, re11
Demanda 1641;e6;re1, re2, re14
Demanda 1642;e4;re7, re10, re11
Demanda 1643;e2;re2, re4, re5
Demanda 1644;e7;re7, re10, re11
Demanda 1645;e4;re7, re10, re11
Demanda 1646;e2;re2, re4, re5
Demanda 1647;e4;re7, re10, re11
Demanda 1648;e6;re1, re2, re14
Demanda 1649;e4;re7, re10, re11
Demanda 1650;e2;re2, re4, re5
Demanda 1651;e2;re2, re4, re5
Demanda 1652;e1;re1, re2, re3, re4
Demanda 1653;e1;re1, re2, re3, re4
Demanda 1654;e2;re2, re4, re5
Demanda 1655;e5;re12, re13
Demanda 1656;e3;re5, re6, re7, re8, re9
Demanda 1657;e2;re2, re4, re5
Demanda 1658;e5;re12, re13
Demanda 1659;e4;re7, re10, re11
Demanda 1660;e4;re7, re10, re11
Demanda 1661;e7;re7, re10, re11
Demanda 1662;e3;re5, re6, re7, re8, re9
Demanda 1663;e5;re12, re13
Demanda 1664;e4;re7, re10, re11
Demanda 1665;e5;re12, re13
Demanda 1666;e5;re12, re13
Demanda 1667;e6;re1, re2, re14
Demanda 1668;e5;re12, re13
Demanda 1669;e2;re2, re4, re5
Demanda 1670;e3;re5, re6, re7, re8, re9
Demanda 1671;e6;re1, re2, re14
Demanda 1672;e7;re7, re10, re11
Demanda 1673;e7;re7, re10, re11
Demanda 1674;e1;re1, re2, re3, re4
Demanda 1675;e2;re2, re4, re5
Demanda 1676;e7;re7, re10, re11
Demanda 1677;e4;re7, re10, re11
Demanda 1678;e6;re1, re2, re14
Demanda 1679;e6;re1, re2, re14
Demanda 1680;e7;re7, re10, re11
Demanda 1681;e1;re1, re2, re3, re4
Demanda 1682;e6;re1, re2, re14
Demanda 1683;e1;re1, re2, re3, re4
Demanda 1684;e5;re12, re13
Demanda 1685;e1;re1, re2, re3, re4
Demanda 1686;e1;re1, re2, re3, re4
Demanda 1687;e6;re1, re2, re14
Demanda 1688;e3;re5, re6, re7, re8, re9
Demanda 1689;e5;re12, re13
Demanda 1690;e3;re5, re6, re7, re8, re9
Demanda 1691;e2;re2, re4, re5
Demanda 1692;e2;re2, re4, re5
Demanda 1693;e1;re1, re2, re3, re4
Demanda 1694;e2;re2, re4, re5
Demanda 1695;e1;re1, re2, re3, re4
Demanda 1696;e2;re2, re4, re5
Demanda 1697;e4;re7, re10, re11
Demanda 1698;e3;re5, re6, re7, re8, re9
Demanda 1699;e5;re12, re13
Demanda 1700;e4;re7, re10, re11
Demanda 1701;e3;re5, re6, re7, re8, re9
Demanda 1702;e1;re1, re2, re3, re4
Demanda 1703;e4;re7, re10, re11
Demanda 1704;e6;re1, re2, re14
Demanda 1705;e7;re7, re10, re11
Demanda 1706;e4;re7, re10, re11
Demanda 1707;e3;re5, re6, re7, re8, re9
Demanda 1708;e6;re1, re2, re14
Demanda 1709;e5;re12, re13
Demanda 1710;e6;re1, re2, re14
Demanda 1711;e5;re12, re13
Demanda 1712;e6;re1, re2, re14
Demanda 1713;e4;re7, re10, re11
Demanda 1714;e7;re7, re10, re11
Demanda 1715;e4;re7, re10, re11
Demanda 1716;e3;re5, re6, re7, re8, re9
Demanda 1717;e1;re1, re2, re3, re4
Demanda 1718;e4;re7, re10, re11
Demanda 1719;e5;re12, re13
Demanda 1720;e6;re1, re2, re14
Demanda 1721;e4;re7, re10, re11
Demanda 1722;e6;re1, re2, re14
Demanda 1723;e7;re7, re10, re11
Demanda 1724;e4;re7, re10, re11
Demanda 1725;e5;re12, re13
Demanda 1726;e4;re7, re10, re11
Demanda 1727;e4;re7, re10, re11
Demanda 1728;e2;re2, re4, re5
Demanda 1729;e6;re1, re2, re14
Demanda 1730;e2;re2, re4, re5
Demanda 1731;e7;re7, re10, re11
Demanda 1732;e4;re7, re10, re11
Demanda 1733;e2;re2, re4, re5
Demanda 1734;e3;re5, re6, re7, re8, re9
Demanda 1735;e2;re2, re4, re5
Demanda 1736;e6;re1, re2, re14
Demanda 1737;e1;re1, re2, re3, re4
Demanda 1738;e1;re1, re2, re3, re4
Demanda 1739;e1;re1, re2, re3, re4
Demanda 1740;e6;re1, re2, re14
Demanda 1741;e2;re2, re4, re5
Demanda 1742;e2;re2, re4, re5
Demanda 1743;e3;re5, re6, re7, re8, re9
Demanda 1744;e1;re1, re2, re3, re4
Demanda 1745;e4;re7, re10, re11
Demanda 1746;e2;re2, re4, re5
Demanda 1747;e7;re7, re10, re11
Demanda 1748;e7;re7, re10, re11
Demanda 1749;e1;re1, re2, re3, re4
Demanda 1750;e6;re1, re2, re14
Demanda 1751;e6;re1, re2, re14
Demanda 1752;e1;re1, re2, re3, re4
Demanda 1753;e1;re1, re2, re3, re4
Demanda 1754;e5;re12, re13
Demanda 1755;e3;re5, re6, re7, re8, re9
Demanda 1756;e1;re1, re2, re3, re4
Demanda 1757;e4;re7, re10, re11
Demanda 1758;e3;re5, re6, re7, re8, re9
Demanda 1759;e7;re7, re10, re11
Demanda 1760;e6;re1, re2, re14
Demanda 1761;e2;re2, re4, re5
Demanda 1762;e7;re7, re10, re11
Demanda 1763;e2;re2, re4, re5
Demanda 1764;e4;re7, re10, re11
Demanda 1765;e5;re12, re13
Demanda 1766;e6;re1, re2, re14
Demanda 1767;e1;re1, re2, re3, re4
Demanda 1768;e4;re7, re10, re11
Demanda 1769;e5;re12, re13
Demanda 1770;e4;re7, re10, re11
Demanda 1771;e2;re2, re4, re5
Demanda 1772;e3;re5, re6, re7, re8, re9
Demanda 1773;e1;re1, re2, re3, re4
Demanda 1774;e7;re7, re10, re11
Demanda 1775;e2;re2, re4, re5
Demanda 1776;e2;re2, re4, re5
Demanda 1777;e4;re7, re10, re11
Demanda 1778;e4;re7, re10, re11
Demanda 1779;e6;re1, re2, re14
Demanda 1780;e7;re7, re10, re11
Demanda 1781;e4;re7, re10, re11
Demanda 1782;e2;re2, re4, re5
Demanda 1783;e5;re12, re13
Demanda 1784;e7;re7, re10, re11
Demanda 1785;e1;re1, re2, re3, re4
Demanda 1786;e3;re5, re6, re7, re8, re9
Demanda 1787;e4;re7, re10, re11
Demanda 1788;e1;re1, re2, re3, re4
Demanda 1789;e7;re7, re10, re11
Demanda 1790;e2;re2, re4, re5
Demanda 1791;e2;re2, re4, re5
Demanda 1792;e6;re1, re2, re14
Demanda 1793;e3;re5, re6, re7, re8, re9
Demanda 1794;e4;re7, re10, re11
Demanda 1795;e5;re12, re13
Demanda 1796;e6;re1, re2, re14
Demanda 1797;e7;re7, re10, re11
Demanda 1798;e5;re12, re13
Demanda 1799;e1;re1, re2, re3, re4
Demanda 1800;e7;re7, re10, re11
Demanda 1801;e3;re5, re6, re7, re8, re9
Demanda 1802;e2;re2, re4, re5
Demanda 1803;e2;re2, re4, re5
Demanda 1804;e2;re2, re4, re5
Demanda 1805;e1;re1, re2, re3, re4
Demanda 1806;e1;re1, re2, re3, re4
Demanda 1807;e6;re1, re2, re14
Demanda 1808;e3;re5, re6, re7, re8, re9
Demanda 1809;e3;re5, re6, re7, re8, re9
Demanda 1810;e5;re12, re13
Demanda 1811;e4;re7, re10, re11
Demanda 1812;e3;re5, re6, re7, re8, re9
Demanda 1813;e5;re12, re13
Demanda 1814;e7;re7, re10, re11
Demanda 1815;e6;re1, re2, re14
Demanda 1816;e2;re2, re4, re5
Demanda 1817;e3;re5, re6, re7, re8, re9
Demanda 1818;e4;re7, re10, re11
Demanda 1819;e6;re1, re2, re14
Demanda 1820;e7;re7, re10, re11
Demanda 1821;e2;re2, re4, re5
Demanda 1822;e7;re7, re10, re11
Demanda 1823;e6;re1, re2, re14
Demanda 1824;e3;re5, re6, re7, re8, re9
Demanda 1825;e7;re7, re10, re11
Demanda 1826;e2;re2, re4, re5
Demanda 1827;e4;re7, re10, re11
Demanda 1828;e7;re7, re10, re11
Demanda 1829;e5;re12, re13
Demanda 1830;e5;re12, re13
Demanda 1831;e6;re1, re2, re14
Demanda 1832;e2;re2, re4, re5
Demanda 1833;e3;re5, re6, re7, re8, re9
Demanda 1834;e6;re1, re2, re14
Demanda 1835;e1;re1, re2, re3, re4
Demanda 1836;e5;re12, re13
Demanda 1837;e5;re12, re13
Demanda 1838;e7;re7, re10, re11
Demanda 1839;e7;re7, re10, re11
Demanda 1840;e3;re5, re6, re7, re8, re9
Demanda 1841;e5;re12, re13
Demanda 1842;e2;re2, re4, re5
Demanda 1843;e5;re12, re13
Demanda 1844;e4;re7, re10, re11
Demanda 1845;e1;re1, re2, re3, re4
Demanda 1846;e7;re7, re10, re11
Demanda 1847;e2;re2, re4, re5
Demanda 1848;e1;re1, re2, re3, re4
Demanda 1849;e5;re12, re13
Demanda 1850;e7;re7, re10, re11
Demanda 1851;e7;re7, re10, re11
Demanda 1852;e3;re5, re6, re7, re8, re9
Demanda 1853;e4;re7, re10, re11
Demanda 1854;e5;re12, re13
Demanda 1855;e5;re12, re13
Demanda 1856;e5;re12, re13
Demanda 1857;e7;re7, re10, re11
Demanda 1858;e3;re5, re6, re7, re8, re9
Demanda 1859;e5;re12, re13
Demanda 1860;e6;re1, re2, re14
Demanda 1861;e7;re7, re10, re11
Demanda 1862;e7;re7, re10, re11
Demanda 1863;e5;re12, re13
Demanda 1864;e6;re1, re2, re14
Demanda 1865;e5;re12, re13
Demanda 1866;e4;re7, re10, re11
Demanda 1867;e3;re5, re6, re7, re8, re9
Demanda 1868;e6;re1, re2, re14
Demanda 1869;e6;re1, re2, re14
Demanda 1870;e3;re5, re6, re7, re8, re9
Demanda 1871;e5;re12, re13
Demanda 1872;e3;re5, re6, re7, re8, re9
Demanda 1873;e2;re2, re4, re5
Demanda 1874;e5;re12, re13
Demanda 1875;e3;re5, re6, re7, re8, re9
Demanda 1876;e7;re7, re10, re11
Demanda 1877;e1;re1, re2, re3, re4
Demanda 1878;e6;re1, re2, re14
Demanda 1879;e6;re1, re2, re14
Demanda 1880;e7;re7, re10, re11
Demanda 1881;e7;re7, re10, re11
Demanda 1882;e3;re5, re6, re7, re8, re9
Demanda 1883;e2;re2, re4, re5
Demanda 1884;e5;re12, re13
Demanda 1885;e5;re12, re13
Demanda 1886;e2;re2, re4, re5
Demanda 1887;e5;re12, re13
Demanda 1888;e6;re1, re2, re14
Demanda 1889;e3;re5, re6, re7, re8, re9
Demanda 1890;e7;re7, re10, re11
Demanda 1891;e1;re1, re2, re3, re4
Demanda 1892;e7;re7, re10, re11
Demanda 1893;e3;re5, re6, re7, re8, re9
Demanda 1894;e4;re7, re10, re11
Demanda 1895;e3;re5, re6, re7, re8, re9
Demanda 1896;e3;re5, re6, re7, re8, re9
Demanda 1897;e2;re2, re4, re5
Demanda 1898;e5;re12, re13
Demanda 1899;e2;re2, re4, re5
Demanda 1900;e6;re1, re2, re14
Demanda 1901;e6;re1, re2, re14
Demanda 1902;e1;re1, re2, re3, re4
Demanda 1903;e7;re7, re10, re11
Demanda 1904;e5;re12, re13
Demanda 1905;e3;re5, re6, re7, re8, re9
Demanda 1906;e1;re1, re2, re3, re4
Demanda 1907;e1;re1, re2, re3, re4
Demanda 1908;e2;re2, re4, re5
Demanda 1909;e4;re7, re10, re11
Demanda 1910;e5;re12, re13
Demanda 1911;e5;re12, re13
Demanda 1912;e6;re1, re2, re14
Demanda 1913;e1;re1, re2, re3, re4
Demanda 1914;e2;re2, re4, re5
Demanda 1915;e5;re12, re13
Demanda 1916;e3;re5, re6, re7, re8, re9
Demanda 1917;e6;re1, re2, re14
Demanda 1918;e1;re1, re2, re3, re4
Demanda 1919;e5;re12, re13
Demanda 1920;e5;re12, re13
Demanda 1921;e3;re5, re6, re7, re8, re9
Demanda 1922;e6;re1, re2, re14
Demanda 1923;e3;re5, re6, re7, re8, re9
Demanda 1924;e3;re5, re6, re7, re8, re9
Demanda 1925;e5;re12, re13
Demanda 1926;e1;re1, re2, re3, re4
Demanda 1927;e1;re1, re2, re3, re4
Demanda 1928;e5;re12, re13
Demanda 1929;e4;re7, re10, re11
Demanda 1930;e1;re1, re2, re3, re4
Demanda 1931;e2;re2, re4, re5
Demanda 1932;e5;re12, re13
Demanda 1933;e7;re7, re10, re11
Demanda 1934;e2;re2, re4, re5
Demanda 1935;e4;re7, re10, re11
Demanda 1936;e4;re7, re10, re11
Demanda 1937;e5;re12, re13
Demanda 1938;e4;re7, re10, re11
Demanda 1939;e6;re1, re2, re14
Demanda 1940;e3;re5, re6, re7, re8, re9
Demanda 1941;e1;re1, re2, re3, re4
Demanda 1942;e5;re12, re13
Demanda 1943;e6;re1, re2, re14
Demanda 1944;e4;re7, re10, re11
Demanda 1945;e6;re1, re2, re14
Demanda 1946;e6;re1, re2, re14
Demanda 1947;e1;re1, re2, re3, re4
Demanda 1948;e1;re1, re2, re3, re4
Demanda 1949;e2;re2, re4, re5
Demanda 1950;e7;re7, re10, re11
Demanda 1951;e4;re7, re10, re11
Demanda 1952;e1;re1, re2, re3, re4
Demanda 1953;e7;re7, re10, re11
Demanda 1954;e3;re5, re6, re7, re8, re9
Demanda 1955;e5;re12, re13
Demanda 1956;e1;re1, re2, re3, re4
Demanda 1957;e5;re12, re13
Demanda 1958;e2;re2, re4, re5
Demanda 1959;e1;re1, re2, re3, re4
Demanda 1960;e5;re12, re13
Demanda 1961;e5;re12, re13
Demanda 1962;e6;re1, re2, re14
Demanda 1963;e2;re2, re4, re5
Demanda 1964;e7;re7, re10, re11
Demanda 1965;e2;re2, re4, re5
Demanda 1966;e3;re5, re6, re7, re8, re9
Demanda 1967;e4;re7, re10, re11
Demanda 1968;e5;re12, re13
Demanda 1969;e3;re5, re6, re7, re8, re9
Demanda 1970;e2;re2, re4, re5
Demanda 1971;e3;re5, re6, re7, re8, re9
Demanda 1972;e6;re1, re2, re14
Demanda 1973;e4;re7, re10, re11
Demanda 1974;e7;re7, re10, re11
Demanda 1975;e3;re5, re6, re7, re8, re9
Demanda 1976;e7;re7, re10, re11
Demanda 1977;e3;re5, re6, re7, re8, re9
Demanda 1978;e3;re5, re6, re7, re8, re9
Demanda 1979;e7;re7, re10, re11
Demanda 1980;e7;re7, re10, re11
Demanda 1981;e2;re2, re4, re5
Demanda 1982;e2;re2, re4, re5
Demanda 1983;e4;re7, re10, re11
Demanda 1984;e6;re1, re2, re14
Demanda 1985;e3;re5, re6, re7, re8, re9
Demanda 1986;e3;re5, re6, re7, re8, re9
Demanda 1987;e3;re5, re6, re7, re8, re9
Demanda 1988;e5;re12, re13
Demanda 1989;e4;re7, re10, re11
Demanda 1990;e4;re7, re10, re11
Demanda 1991;e7;re7, re10, re11
Demanda 1992;e2;re2, re4, re5
Demanda 1993;e6;re1, re2, re14
Demanda 1994;e1;re1, re2, re3, re4
Demanda 1995;e6;re1, re2, re14
Demanda 1996;e1;re1, re2, re3, re4
Demanda 1997;e7;re7, re10, re11
Demanda 1998;e4;re7, re10, re11
Demanda 1999;e6;re1, re2, re14
Demanda 2000;e5;re12, re13
